0,477.5
1,476.63633185179
2,475.776308323829
3,474.919902703769
4,474.067088560381
5,473.21783973971
6,472.372130361293
7,471.529934814449
8,470.691227754619
9,469.855984099779
10,469.024179026899
11,468.195787968475
12,467.370786609107
13,466.549150882139
14,465.73085696635
15,464.915881282706
16,464.104200491154
17,463.295791487482
18,462.490631400214
19,461.688697587569
20,460.889967634459
21,460.094419349545
22,459.302030762326
23,458.512780120291
24,457.726645886102
25,456.943606734829
26,456.16364155123
27,455.386729427068
28,454.612849658472
29,453.841981743346
30,453.074105378806
31,452.30920045867
32,451.547247070977
33,450.788225495547
34,450.032116201586
35,449.278899845314
36,448.528557267642
37,447.781069491879
38,447.036417721472
39,446.294583337784
40,445.555547897908
41,444.819293132505
42,444.085800943684
43,443.355053402908
44,442.627032748936
45,441.901721385792
46,441.179101880763
47,440.459156962433
48,439.741869518742
49,439.027222595071
50,438.315199392363
51,437.605783265263
52,436.898957720292
53,436.194706414041
54,435.493013151401
55,434.793861883811
56,434.097236707528
57,433.403121861937
58,432.711501727868
59,432.022360825948
60,431.335683814976
61,430.651455490314
62,429.969660782309
63,429.290284754734
64,428.613312603252
65,427.938729653899
66,427.266521361593
67,426.596673308661
68,425.929171203385
69,425.264000878576
70,424.601148290155
71,423.94059951577
72,423.282340753415
73,422.626358320084
74,421.97263865043
75,421.321168295456
76,420.671933921208
77,420.024922307502
78,419.380120346659
79,418.737515042256
80,418.097093507905
81,417.45884296603
82,416.822750746684
83,416.188804286359
84,415.556991126828
85,414.927298913996
86,414.299715396767
87,413.674228425927
88,413.050825953042
89,412.429496029369
90,411.810226804784
91,411.193006526721
92,410.577823539129
93,409.96466628144
94,409.353523287549
95,408.744383184812
96,408.137234693055
97,407.532066623592
98,406.928867878264
99,406.32762744848
100,405.728334414285
101,405.13097794342
102,404.535547290415
103,403.942031795678
104,403.350420884606
105,402.760704066698
106,402.17287093469
107,401.586911163689
108,401.002814510333
109,400.420570811943
110,399.840169985703
111,399.261602027841
112,398.684857012821
113,398.109925092548
114,397.536796495581
115,396.965461526357
116,396.395910564422
117,395.828134063676
118,395.262122551622
119,394.697866628631
120,394.135356967208
121,393.574584311274
122,393.015539475454
123,392.458213344374
124,391.902596871962
125,391.34868108077
126,390.79645706129
127,390.245915971285
128,389.697049035131
129,389.149847543161
130,388.60430285102
131,388.060406379026
132,387.518149611544
133,386.977524096358
134,386.438521444059
135,385.901133327439
136,385.365351480886
137,384.831167699793
138,384.298573839974
139,383.767561817078
140,383.238123606024
141,382.71025124043
142,382.183936812056
143,381.659172470252
144,381.135950421407
145,380.614262928416
146,380.094102310142
147,379.57546094089
148,379.058331249886
149,378.542705720761
150,378.028576891043
151,377.51593735165
152,377.004779746398
153,376.495096771506
154,375.986881175109
155,375.480125756778
156,374.974823367045
157,374.470966906935
158,373.968549327497
159,373.467563629348
160,372.968002862219
161,372.469860124506
162,371.973128562822
163,371.477801371564
164,370.983871792477
165,370.491333114223
166,370.000178671956
167,369.510401846908
168,369.021996065967
169,368.534954801271
170,368.049271569802
171,367.56493993298
172,367.081953496274
173,366.600305908801
174,366.119990862945
175,365.641002093965
176,365.163333379626
177,364.686978539811
178,364.211931436158
179,363.738185971691
180,363.265736090454
181,362.79457577715
182,362.324699056791
183,361.856099994343
184,361.388772694374
185,360.922711300716
186,360.457909996121
187,359.994363001923
188,359.532064577705
189,359.071009020973
190,358.611190666822
191,358.152603887619
192,357.695243092683
193,357.239102727964
194,356.784177275736
195,356.330461254283
196,355.877949217595
197,355.426635755064
198,354.976515491186
199,354.527583085258
200,354.079833231093
201,353.633260656722
202,353.187860124111
203,352.743626428871
204,352.300554399984
205,351.858638899517
206,351.417874822348
207,350.978257095895
208,350.539780679843
209,350.102440565879
210,349.666231777423
211,349.23114936937
212,348.797188427827
213,348.364344069862
214,347.93261144324
215,347.50198572618
216,347.072462127104
217,346.644035884385
218,346.21670226611
219,345.790456569833
220,345.36529412234
221,344.941210279407
222,344.518200425571
223,344.096259973892
224,343.675384365729
225,343.255569070507
226,342.836809585495
227,342.419101435581
228,342.002440173055
229,341.586821377383
230,341.172240654996
231,340.758693639074
232,340.346175989335
233,339.934683391821
234,339.524211558692
235,339.114756228021
236,338.706313163589
237,338.298878154678
238,337.892447015881
239,337.487015586892
240,337.082579732317
241,336.679135341479
242,336.276678328222
243,335.875204630722
244,335.474710211298
245,335.075191056225
246,334.676643175548
247,334.279062602898
248,333.882445395313
249,333.486787633052
250,333.092085419422
251,332.698334880599
252,332.305532165455
253,331.913673445378
254,331.522754914109
255,331.132772787567
256,330.743723303678
257,330.355602722215
258,329.968407324626
259,329.582133413872
260,329.196777314268
261,328.812335371315
262,328.428803951549
263,328.046179442375
264,327.664458251918
265,327.283636808861
266,326.903711562297
267,326.524678981574
268,326.146535556144
269,325.769277795415
270,325.392902228602
271,325.01740540458
272,324.642783891741
273,324.269034277846
274,323.896153169886
275,323.524137193939
276,323.152982995029
277,322.782687236988
278,322.41324660232
279,322.044657792062
280,321.676917525648
281,321.31002254078
282,320.94396959329
283,320.578755457012
284,320.214376923649
285,319.850830802647
286,319.488113921061
287,319.126223123437
288,318.765155271677
289,318.404907244921
290,318.045475939419
291,317.686858268413
292,317.32905116201
293,316.972051567067
294,316.615856447069
295,316.260462782009
296,315.905867568276
297,315.552067818533
298,315.199060561607
299,314.84684284237
300,314.495411721631
301,314.144764276017
302,313.794897597871
303,313.445808795131
304,313.097494991231
305,312.749953324985
306,312.403180950484
307,312.057175036987
308,311.711932768816
309,311.367451345254
310,311.023727980436
311,310.68075990325
312,310.338544357236
313,309.997078600479
314,309.656359905517
315,309.316385559233
316,308.977152862763
317,308.638659131395
318,308.300901694472
319,307.963877895299
320,307.627585091043
321,307.292020652642
322,306.95718196471
323,306.623066425444
324,306.289671446532
325,305.956994453062
326,305.625032883431
327,305.293784189255
328,304.963245835281
329,304.633415299296
330,304.304290072042
331,303.975867657129
332,303.648145570946
333,303.32112134258
334,302.994792513726
335,302.669156638607
336,302.344211283889
337,302.019954028598
338,301.696382464041
339,301.373494193717
340,301.051286833247
341,300.729758010284
342,300.40890536444
343,300.088726547205
344,299.769219221868
345,299.450381063443
346,299.132209758587
347,298.814703005528
348,298.497858513988
349,298.181674005107
350,297.866147211371
351,297.551275876535
352,297.237057755552
353,296.923490614501
354,296.610572230513
355,296.298300391699
356,295.986672897084
357,295.675687556528
358,295.365342190667
359,295.055634630833
360,294.746562718994
361,294.438124307681
362,294.130317259921
363,293.823139449172
364,293.516588759254
365,293.210663084284
366,292.905360328612
367,292.600678406752
368,292.296615243324
369,291.993168772982
370,291.690336940358
371,291.388117699993
372,291.08650901628
373,290.785508863396
374,290.485115225247
375,290.1853260954
376,289.886139477031
377,289.587553382854
378,289.289565835073
379,288.992174865313
380,288.695378514568
381,288.399174833139
382,288.103561880577
383,287.808537725627
384,287.514100446169
385,287.220248129163
386,286.926978870593
387,286.634290775409
388,286.342181957475
389,286.050650539513
390,285.759694653046
391,285.469312438349
392,285.179502044392
393,284.890261628786
394,284.601589357733
395,284.313483405973
396,284.025941956731
397,283.738963201665
398,283.452545340817
399,283.166686582559
400,282.881385143546
401,282.596639248665
402,282.312447130981
403,282.028807031695
404,281.74571720009
405,281.463175893483
406,281.181181377179
407,280.89973192442
408,280.61882581634
409,280.338461341918
410,280.058636797928
411,279.779350488896
412,279.500600727051
413,279.222385832283
414,278.944704132093
415,278.667553961551
416,278.390933663252
417,278.114841587266
418,277.8392760911
419,277.564235539653
420,277.289718305168
421,277.015722767195
422,276.742247312545
423,276.469290335245
424,276.196850236502
425,275.924925424655
426,275.653514315136
427,275.382615330429
428,275.112226900029
429,274.842347460399
430,274.572975454932
431,274.30410933391
432,274.035747554464
433,273.767888580534
434,273.500530882831
435,273.233672938796
436,272.967313232563
437,272.701450254919
438,272.436082503267
439,272.171208481587
440,271.906826700401
441,271.642935676732
442,271.379533934067
443,271.116620002323
444,270.85419241781
445,270.59224972319
446,270.330790467448
447,270.06981320585
448,269.80931649991
449,269.549298917357
450,269.289759032093
451,269.030695424167
452,268.772106679733
453,268.513991391018
454,268.25634815629
455,267.999175579823
456,267.74247227186
457,267.486236848584
458,267.230467932084
459,266.975164150317
460,266.720324137084
461,266.465946531991
462,266.212029980417
463,265.958573133484
464,265.705574648026
465,265.453033186555
466,265.200947417229
467,264.949316013823
468,264.698137655698
469,264.447411027768
470,264.197134820473
471,263.947307729742
472,263.697928456972
473,263.44899570899
474,263.200508198028
475,262.952464641691
476,262.70486376293
477,262.457704290008
478,262.210984956479
479,261.96470450115
480,261.718861668061
481,261.473455206449
482,261.228483870727
483,260.983946420449
484,260.739841620288
485,260.496168240004
486,260.25292505442
487,260.010110843393
488,259.767724391786
489,259.525764489444
490,259.284229931162
491,259.043119516666
492,258.80243205058
493,258.562166342404
494,258.322321206483
495,258.082895461988
496,257.843887932884
497,257.60529744791
498,257.367122840548
499,257.129362949002
500,256.892016616172
501,256.655082689626
502,256.418560021582
503,256.182447468877
504,255.946743892945
505,255.711448159794
506,255.47655913998
507,255.242075708584
508,255.007996745189
509,254.774321133853
510,254.541047763092
511,254.30817552585
512,254.075703319479
513,253.843630045716
514,253.61195461066
515,253.380675924749
516,253.149792902737
517,252.919304463674
518,252.689209530879
519,252.459507031922
520,252.230195898602
521,252.001275066923
522,251.772743477073
523,251.544600073402
524,251.316843804403
525,251.089473622687
526,250.862488484965
527,250.635887352026
528,250.409669188715
529,250.183832963913
530,249.958377650517
531,249.733302225419
532,249.508605669486
533,249.284286967538
534,249.06034510833
535,248.836779084531
536,248.613587892706
537,248.390770533293
538,248.168326010585
539,247.946253332711
540,247.724551511616
541,247.503219563043
542,247.282256506511
543,247.061661365299
544,246.841433166425
545,246.62157094063
546,246.402073722355
547,246.182940549727
548,245.964170464538
549,245.745762512225
550,245.527715741857
551,245.310029206113
552,245.092701961264
553,244.875733067157
554,244.659121587195
555,244.442866588323
556,244.226967141005
557,244.011422319212
558,243.796231200402
559,243.581392865503
560,243.366906398894
561,243.152770888393
562,242.938985425235
563,242.725549104058
564,242.512461022887
565,242.299720283112
566,242.087325989479
567,241.87527725007
568,241.663573176283
569,241.452212882825
570,241.241195487686
571,241.030520112129
572,240.820185880672
573,240.610191921075
574,240.400537364318
575,240.191221344592
576,239.982242999281
577,239.773601468944
578,239.565295897304
579,239.35732543123
580,239.149689220723
581,238.9423864189
582,238.735416181979
583,238.528777669266
584,238.322470043137
585,238.116492469026
586,237.910844115411
587,237.705524153793
588,237.500531758693
589,237.295866107625
590,237.09152638109
591,236.887511762562
592,236.683821438467
593,236.480454598176
594,236.277410433988
595,236.074688141115
596,235.872286917672
597,235.670205964659
598,235.46844448595
599,235.26700168828
600,235.065876781228
601,234.865068977206
602,234.664577491448
603,234.464401541993
604,234.264540349671
605,234.064993138096
606,233.865759133645
607,233.666837565452
608,233.468227665391
609,233.269928668065
610,233.071939810791
611,232.874260333592
612,232.676889479178
613,232.479826492939
614,232.283070622931
615,232.086621119862
616,231.890477237081
617,231.694638230566
618,231.499103358911
619,231.303871883316
620,231.108943067572
621,230.91431617805
622,230.719990483691
623,230.525965255991
624,230.332239768994
625,230.138813299274
626,229.945685125929
627,229.752854530567
628,229.560320797294
629,229.368083212704
630,229.176141065866
631,228.984493648315
632,228.793140254039
633,228.602080179468
634,228.411312723463
635,228.220837187307
636,228.03065287469
637,227.840759091702
638,227.65115514682
639,227.461840350896
640,227.272814017151
641,227.084075461159
642,226.89562400084
643,226.707458956447
644,226.519579650558
645,226.331985408063
646,226.144675556156
647,225.957649424323
648,225.770906344331
649,225.584445650221
650,225.398266678296
651,225.212368767109
652,225.026751257457
653,224.841413492366
654,224.656354817087
655,224.47157457908
656,224.287072128011
657,224.102846815735
658,223.918897996291
659,223.735225025891
660,223.551827262911
661,223.368704067881
662,223.185854803473
663,223.003278834498
664,222.82097552789
665,222.638944252698
666,222.457184380082
667,222.275695283296
668,222.094476337685
669,221.913526920671
670,221.732846411749
671,221.552434192472
672,221.372289646449
673,221.192412159328
674,221.012801118795
675,220.833455914561
676,220.654375938351
677,220.475560583902
678,220.297009246946
679,220.11872132521
680,219.940696218398
681,219.762933328193
682,219.585432058238
683,219.408191814136
684,219.231212003435
685,219.054492035624
686,218.878031322124
687,218.701829276279
688,218.525885313345
689,218.350198850487
690,218.174769306767
691,217.999596103139
692,217.824678662438
693,217.650016409371
694,217.475608770515
695,217.301455174302
696,217.127555051015
697,216.95390783278
698,216.780512953557
699,216.607369849132
700,216.434477957112
701,216.261836716913
702,216.089445569755
703,215.917303958655
704,215.745411328418
705,215.573767125628
706,215.402370798646
707,215.231221797595
708,215.060319574358
709,214.889663582569
710,214.719253277607
711,214.549088116584
712,214.379167558345
713,214.209491063453
714,214.040058094188
715,213.870868114537
716,213.701920590187
717,213.533214988519
718,213.364750778598
719,213.196527431171
720,213.028544418656
721,212.860801215135
722,212.69329729635
723,212.526032139694
724,212.359005224203
725,212.192216030554
726,212.025664041052
727,211.859348739628
728,211.693269611829
729,211.527426144815
730,211.361817827349
731,211.196444149792
732,211.031304604094
733,210.866398683794
734,210.701725884006
735,210.537285701415
736,210.373077634273
737,210.209101182391
738,210.04535584713
739,209.881841131399
740,209.718556539647
741,209.555501577856
742,209.392675753534
743,209.230078575711
744,209.067709554933
745,208.905568203253
746,208.743654034228
747,208.581966562909
748,208.420505305841
749,208.25926978105
750,208.098259508043
751,207.937474007798
752,207.77691280276
753,207.616575416835
754,207.456461375382
755,207.296570205212
756,207.136901434576
757,206.977454593164
758,206.818229212096
759,206.659224823921
760,206.500440962604
761,206.341877163526
762,206.183532963479
763,206.025407900655
764,205.867501514645
765,205.709813346431
766,205.552342938382
767,205.395089834249
768,205.238053579158
769,205.081233719603
770,204.924629803444
771,204.768241379902
772,204.612067999548
773,204.456109214305
774,204.300364577436
775,204.144833643544
776,203.989515968564
777,203.834411109758
778,203.67951862571
779,203.524838076321
780,203.370369022804
781,203.216111027678
782,203.062063654764
783,202.908226469179
784,202.754599037331
785,202.601180926915
786,202.447971706906
787,202.294970947557
788,202.142178220391
789,201.989593098196
790,201.837215155025
791,201.685043966183
792,201.53307910823
793,201.381320158972
794,201.229766697455
795,201.078418303964
796,200.927274560017
797,200.776335048356
798,200.625599352949
799,200.475067058982
800,200.324737752853
801,200.174611022168
802,200.024686455739
803,199.874963643577
804,199.725442176888
805,199.576121648066
806,199.427001650693
807,199.278081779532
808,199.129361630521
809,198.980840800772
810,198.832518888563
811,198.684395493337
812,198.536470215695
813,198.38874265739
814,198.241212421328
815,198.09387911156
816,197.946742333277
817,197.799801692808
818,197.653056797614
819,197.506507256285
820,197.360152678533
821,197.213992675192
822,197.068026858211
823,196.922254840649
824,196.776676236674
825,196.631290661556
826,196.486097731663
827,196.34109706446
828,196.196288278499
829,196.051670993422
830,195.907244829951
831,195.763009409889
832,195.618964356109
833,195.475109292558
834,195.331443844247
835,195.187967637252
836,195.044680298705
837,194.901581456791
838,194.75867074075
839,194.615947780865
840,194.473412208462
841,194.331063655907
842,194.188901756599
843,194.046926144971
844,193.905136456481
845,193.76353232761
846,193.62211339586
847,193.48087929975
848,193.339829678808
849,193.198964173573
850,193.058282425588
851,192.917784077396
852,192.777468772538
853,192.63733615555
854,192.497385871955
855,192.357617568266
856,192.218030891975
857,192.078625491557
858,191.939401016459
859,191.800357117102
860,191.661493444876
861,191.522809652133
862,191.38430539219
863,191.245980319319
864,191.107834088749
865,190.969866356657
866,190.83207678017
867,190.694465017358
868,190.557030727231
869,190.419773569737
870,190.282693205758
871,190.145789297105
872,190.009061506519
873,189.872509497662
874,189.736132935116
875,189.599931484383
876,189.463904811875
877,189.328052584919
878,189.192374471744
879,189.056870141487
880,188.921539264185
881,188.78638151077
882,188.651396553071
883,188.516584063806
884,188.381943716582
885,188.247475185891
886,188.113178147106
887,187.979052276478
888,187.845097251133
889,187.71131274907
890,187.577698449157
891,187.444254031127
892,187.310979175577
893,187.177873563962
894,187.044936878596
895,186.912168802644
896,186.779569020125
897,186.647137215902
898,186.514873075686
899,186.382776286027
900,186.250846534315
901,186.119083508775
902,185.987486898467
903,185.856056393277
904,185.724791683922
905,185.593692461939
906,185.46275841969
907,185.331989250353
908,185.201384647921
909,185.070944307202
910,184.94066792381
911,184.810555194169
912,184.680605815506
913,184.550819485848
914,184.421195904023
915,184.291734769652
916,184.16243578315
917,184.033298645723
918,183.904323059363
919,183.775508726847
920,183.646855351734
921,183.518362638362
922,183.390030291846
923,183.261858018074
924,183.133845523706
925,183.005992516169
926,182.878298703658
927,182.75076379513
928,182.623387500301
929,182.496169529647
930,182.369109594399
931,182.24220740654
932,182.115462678803
933,181.98887512467
934,181.862444458366
935,181.73617039486
936,181.610052649859
937,181.48409093981
938,181.358284981892
939,181.232634494017
940,181.107139194829
941,180.981798803697
942,180.856613040716
943,180.731581626701
944,180.606704283191
945,180.481980732438
946,180.357410697413
947,180.232993901796
948,180.108730069981
949,179.984618927066
950,179.860660198856
951,179.736853611859
952,179.613198893285
953,179.489695771039
954,179.366343973724
955,179.243143230637
956,179.120093271764
957,178.997193827782
958,178.874444630053
959,178.751845410625
960,178.629395902226
961,178.507095838264
962,178.384944952826
963,178.262942980672
964,178.141089657237
965,178.019384718623
966,177.897827901604
967,177.776418943618
968,177.655157582769
969,177.534043557819
970,177.413076608194
971,177.292256473973
972,177.171582895892
973,177.051055615341
974,176.930674374359
975,176.810438915634
976,176.690348982501
977,176.570404318937
978,176.450604669565
979,176.330949779645
980,176.211439395076
981,176.092073262391
982,175.972851128761
983,175.853772741983
984,175.734837850488
985,175.616046203332
986,175.497397550197
987,175.378891641389
988,175.260528227834
989,175.142307061078
990,175.024227893285
991,174.906290477231
992,174.788494566309
993,174.670839914522
994,174.55332627648
995,174.435953407402
996,174.318721063113
997,174.20162900004
998,174.08467697521
999,173.967864746252
1000,173.85119207139
1001,173.734658709445
1002,173.61826441983
1003,173.502008962551
1004,173.385892098203
1005,173.269913587967
1006,173.154073193613
1007,173.038370677492
1008,172.922805802539
1009,172.807378332267
1010,172.69208803077
1011,172.576934662716
1012,172.461917993348
1013,172.347037788483
1014,172.232293814507
1015,172.117685838376
1016,172.003213627613
1017,171.888876950306
1018,171.774675575107
1019,171.660609271229
1020,171.546677808447
1021,171.43288095709
1022,171.319218488047
1023,171.205690172761
1024,171.092295783225
1025,170.979035091988
1026,170.865907872142
1027,170.752913897333
1028,170.640052941747
1029,170.527324780118
1030,170.414729187721
1031,170.30226594037
1032,170.189934814421
1033,170.077735586764
1034,169.965668034826
1035,169.853731936569
1036,169.741927070483
1037,169.630253215593
1038,169.51871015145
1039,169.407297658132
1040,169.296015516244
1041,169.184863506913
1042,169.073841411789
1043,168.962949013042
1044,168.85218609336
1045,168.74155243595
1046,168.631047824533
1047,168.520672043344
1048,168.410424877131
1049,168.300306111153
1050,168.190315531176
1051,168.080452923475
1052,167.970718074831
1053,167.86111077253
1054,167.751630804357
1055,167.642277958604
1056,167.533052024057
1057,167.423952790003
1058,167.314980046226
1059,167.206133583002
1060,167.097413191104
1061,166.988818661795
1062,166.880349786827
1063,166.772006358443
1064,166.663788169374
1065,166.555695012833
1066,166.447726682522
1067,166.339882972622
1068,166.232163677796
1069,166.12456859319
1070,166.017097514423
1071,165.909750237596
1072,165.802526559283
1073,165.69542627653
1074,165.58844918686
1075,165.481595088263
1076,165.3748637792
1077,165.268255058601
1078,165.161768725861
1079,165.055404580842
1080,164.949162423868
1081,164.843042055728
1082,164.737043277668
1083,164.631165891398
1084,164.525409699083
1085,164.419774503346
1086,164.314260107265
1087,164.208866314373
1088,164.103592928655
1089,163.998439754546
1090,163.893406596932
1091,163.788493261149
1092,163.683699552978
1093,163.579025278646
1094,163.474470244824
1095,163.370034258629
1096,163.265717127616
1097,163.161518659782
1098,163.057438663564
1099,162.953476947836
1100,162.849633321907
1101,162.745907595523
1102,162.642299578864
1103,162.538809082541
1104,162.435435917596
1105,162.332179895504
1106,162.229040828164
1107,162.126018527905
1108,162.023112807483
1109,161.920323480076
1110,161.817650359288
1111,161.715093259143
1112,161.612651994088
1113,161.510326378989
1114,161.408116229129
1115,161.306021360209
1116,161.204041588348
1117,161.102176730077
1118,161.000426602341
1119,160.898791022499
1120,160.797269808318
1121,160.695862777977
1122,160.594569750063
1123,160.49339054357
1124,160.3923249779
1125,160.291372872857
1126,160.19053404865
1127,160.089808325891
1128,159.989195525593
1129,159.88869546917
1130,159.788307978432
1131,159.688032875592
1132,159.587869983254
1133,159.487819124421
1134,159.387880122489
1135,159.288052801248
1136,159.188336984879
1137,159.088732497954
1138,158.989239165436
1139,158.889856812675
1140,158.790585265408
1141,158.69142434976
1142,158.59237389224
1143,158.493433719741
1144,158.394603659539
1145,158.295883539292
1146,158.197273187039
1147,158.098772431198
1148,158.000381100564
1149,157.902099024312
1150,157.803926031992
1151,157.705861953529
1152,157.607906619221
1153,157.510059859742
1154,157.412321506134
1155,157.314691389813
1156,157.217169342563
1157,157.119755196537
1158,157.022448784256
1159,156.925249938606
1160,156.828158492841
1161,156.731174280576
1162,156.634297135793
1163,156.537526892835
1164,156.440863386403
1165,156.344306451564
1166,156.24785592374
1167,156.151511638711
1168,156.055273432617
1169,155.959141141952
1170,155.863114603566
1171,155.767193654661
1172,155.671378132795
1173,155.575667875876
1174,155.480062722164
1175,155.384562510267
1176,155.289167079145
1177,155.193876268103
1178,155.098689916796
1179,155.003607865223
1180,154.908629953729
1181,154.813756023001
1182,154.718985914071
1183,154.624319468314
1184,154.529756527443
1185,154.435296933514
1186,154.340940528921
1187,154.246687156396
1188,154.152536659008
1189,154.058488880164
1190,153.964543663604
1191,153.870700853404
1192,153.776960293973
1193,153.683321830052
1194,153.589785306714
1195,153.496350569364
1196,153.403017463733
1197,153.309785835885
1198,153.216655532209
1199,153.123626399423
1200,153.030698284568
1201,152.937871035013
1202,152.845144498449
1203,152.752518522893
1204,152.659992956681
1205,152.567567648474
1206,152.47524244725
1207,152.383017202308
1208,152.290891763267
1209,152.198865980063
1210,152.106939702948
1211,152.015112782491
1212,151.923385069577
1213,151.831756415404
1214,151.740226671483
1215,151.648795689639
1216,151.557463322009
1217,151.466229421039
1218,151.375093839486
1219,151.284056430416
1220,151.193117047204
1221,151.102275543531
1222,151.011531773386
1223,150.920885591062
1224,150.830336851158
1225,150.739885408578
1226,150.649531118526
1227,150.559273836512
1228,150.469113418344
1229,150.379049720135
1230,150.289082598293
1231,150.199211909528
1232,150.109437510847
1233,150.019759259556
1234,149.930177013256
1235,149.840690629843
1236,149.75129996751
1237,149.662004884743
1238,149.572805240322
1239,149.483700893317
1240,149.394691703094
1241,149.305777529306
1242,149.216958231898
1243,149.128233671103
1244,149.039603707446
1245,148.951068201734
1246,148.862627015066
1247,148.774280008826
1248,148.68602704468
1249,148.597867984584
1250,148.509802690773
1251,148.421831025769
1252,148.333952852373
1253,148.246168033669
1254,148.158476433023
1255,148.070877914079
1256,147.983372340761
1257,147.895959577271
1258,147.80863948809
1259,147.721411937975
1260,147.63427679196
1261,147.547233915352
1262,147.460283173736
1263,147.373424432969
1264,147.286657559183
1265,147.199982418781
1266,147.113398878438
1267,147.026906805099
1268,146.940506065983
1269,146.854196528575
1270,146.76797806063
1271,146.681850530172
1272,146.595813805491
1273,146.509867755144
1274,146.424012247955
1275,146.338247153013
1276,146.252572339672
1277,146.166987677547
1278,146.08149303652
1279,145.996088286734
1280,145.910773298593
1281,145.825547942763
1282,145.74041209017
1283,145.655365611999
1284,145.570408379696
1285,145.485540264964
1286,145.400761139763
1287,145.316070876311
1288,145.231469347082
1289,145.146956424805
1290,145.062531982464
1291,144.978195893299
1292,144.893948030801
1293,144.809788268716
1294,144.72571648104
1295,144.641732542022
1296,144.557836326163
1297,144.474027708211
1298,144.390306563167
1299,144.306672766279
1300,144.223126193042
1301,144.139666719202
1302,144.05629422075
1303,143.973008573922
1304,143.889809655203
1305,143.806697341319
1306,143.723671509244
1307,143.640732036193
1308,143.557878799626
1309,143.475111677244
1310,143.392430546991
1311,143.309835287051
1312,143.22732577585
1313,143.144901892053
1314,143.062563514564
1315,142.980310522525
1316,142.898142795319
1317,142.816060212563
1318,142.734062654113
1319,142.652150000061
1320,142.570322130733
1321,142.488578926692
1322,142.406920268734
1323,142.325346037888
1324,142.243856115419
1325,142.162450382823
1326,142.081128721826
1327,141.999891014388
1328,141.918737142699
1329,141.837666989179
1330,141.756680436477
1331,141.675777367471
1332,141.59495766527
1333,141.514221213206
1334,141.433567894842
1335,141.352997593966
1336,141.272510194593
1337,141.192105580962
1338,141.111783637538
1339,141.03154424901
1340,140.95138730029
1341,140.871312676515
1342,140.791320263042
1343,140.711409945453
1344,140.631581609548
1345,140.55183514135
1346,140.472170427102
1347,140.392587353267
1348,140.313085806527
1349,140.233665673781
1350,140.154326842148
1351,140.075069198964
1352,139.995892631782
1353,139.916797028371
1354,139.837782276715
1355,139.758848265016
1356,139.679994881688
1357,139.601222015361
1358,139.522529554877
1359,139.443917389292
1360,139.365385407874
1361,139.286933500106
1362,139.208561555677
1363,139.130269464492
1364,139.052057116663
1365,138.973924402514
1366,138.895871212578
1367,138.817897437597
1368,138.740002968518
1369,138.662187696502
1370,138.584451512911
1371,138.506794309318
1372,138.429215977501
1373,138.351716409442
1374,138.274295497331
1375,138.19695313356
1376,138.119689210728
1377,138.042503621635
1378,137.965396259285
1379,137.888367016885
1380,137.811415787844
1381,137.734542465772
1382,137.657746944481
1383,137.581029117983
1384,137.504388880491
1385,137.427826126415
1386,137.351340750368
1387,137.274932647159
1388,137.198601711794
1389,137.122347839481
1390,137.04617092562
1391,136.970070865811
1392,136.894047555848
1393,136.818100891724
1394,136.742230769623
1395,136.666437085927
1396,136.59071973721
1397,136.51507862024
1398,136.43951363198
1399,136.364024669584
1400,136.288611630398
1401,136.213274411962
1402,136.138012912005
1403,136.062827028449
1404,135.987716659403
1405,135.91268170317
1406,135.837722058241
1407,135.762837623293
1408,135.688028297197
1409,135.613293979007
1410,135.538634567968
1411,135.46404996351
1412,135.389540065251
1413,135.315104772994
1414,135.24074398673
1415,135.166457606632
1416,135.092245533061
1417,135.018107666561
1418,134.944043907859
1419,134.870054157867
1420,134.796138317679
1421,134.722296288574
1422,134.648527972009
1423,134.574833269626
1424,134.501212083248
1425,134.427664314876
1426,134.354189866695
1427,134.280788641069
1428,134.207460540539
1429,134.134205467828
1430,134.061023325837
1431,133.987914017644
1432,133.914877446507
1433,133.841913515858
1434,133.769022129308
1435,133.696203190646
1436,133.623456603834
1437,133.550782273011
1438,133.478180102492
1439,133.405649996765
1440,133.333191860494
1441,133.260805598516
1442,133.188491115842
1443,133.116248317655
1444,133.044077109313
1445,132.971977396343
1446,132.899949084447
1447,132.827992079497
1448,132.756106287536
1449,132.684291614777
1450,132.612547967605
1451,132.540875252573
1452,132.469273376404
1453,132.397742245991
1454,132.326281768393
1455,132.254891850841
1456,132.18357240073
1457,132.112323325625
1458,132.041144533257
1459,131.970035931522
1460,131.898997428485
1461,131.828028932376
1462,131.757130351588
1463,131.686301594683
1464,131.615542570383
1465,131.544853187579
1466,131.474233355323
1467,131.40368298283
1468,131.333201979479
1469,131.262790254812
1470,131.192447718533
1471,131.122174280507
1472,131.051969850762
1473,130.981834339486
1474,130.911767657029
1475,130.841769713898
1476,130.771840420765
1477,130.701979688457
1478,130.632187427963
1479,130.562463550431
1480,130.492807967165
1481,130.423220589629
1482,130.353701329444
1483,130.28425009839
1484,130.214866808401
1485,130.14555137157
1486,130.076303700145
1487,130.007123706531
1488,129.938011303288
1489,129.868966403131
1490,129.799988918928
1491,129.731078763706
1492,129.662235850641
1493,129.593460093066
1494,129.524751404466
1495,129.45610969848
1496,129.387534888897
1497,129.319026889662
1498,129.250585614869
1499,129.182210978765
1500,129.113902895748
1501,129.045661280366
1502,128.977486047319
1503,128.909377111455
1504,128.841334387774
1505,128.773357791425
1506,128.705447237704
1507,128.637602642059
1508,128.569823920083
1509,128.502110987521
1510,128.434463760262
1511,128.366882154344
1512,128.299366085953
1513,128.231915471419
1514,128.164530227222
1515,128.097210269985
1516,128.029955516477
1517,127.962765883614
1518,127.895641288457
1519,127.828581648208
1520,127.761586880219
1521,127.694656901981
1522,127.627791631132
1523,127.560990985452
1524,127.494254882864
1525,127.427583241433
1526,127.360975979368
1527,127.294433015019
1528,127.227954266878
1529,127.161539653579
1530,127.095189093895
1531,127.028902506742
1532,126.962679811175
1533,126.896520926391
1534,126.830425771723
1535,126.764394266648
1536,126.698426330779
1537,126.632521883868
1538,126.566680845808
1539,126.500903136628
1540,126.435188676494
1541,126.369537385712
1542,126.303949184724
1543,126.23842399411
1544,126.172961734583
1545,126.107562326998
1546,126.042225692341
1547,125.976951751736
1548,125.911740426443
1549,125.846591637855
1550,125.781505307502
1551,125.716481357046
1552,125.651519708285
1553,125.586620283151
1554,125.521783003708
1555,125.457007792155
1556,125.392294570823
1557,125.327643262175
1558,125.263053788808
1559,125.198526073449
1560,125.13406003896
1561,125.06965560833
1562,125.005312704682
1563,124.941031251271
1564,124.87681117148
1565,124.812652388822
1566,124.748554826943
1567,124.684518409617
1568,124.620543060745
1569,124.556628704362
1570,124.492775264629
1571,124.428982665834
1572,124.365250832397
1573,124.301579688862
1574,124.237969159905
1575,124.174419170325
1576,124.110929645052
1577,124.047500509139
1578,123.984131687769
1579,123.920823106249
1580,123.857574690013
1581,123.794386364621
1582,123.731258055757
1583,123.668189689232
1584,123.605181190979
1585,123.542232487059
1586,123.479343503656
1587,123.416514167076
1588,123.353744403752
1589,123.291034140239
1590,123.228383303214
1591,123.165791819479
1592,123.103259615958
1593,123.040786619696
1594,122.978372757862
1595,122.916017957747
1596,122.853722146761
1597,122.791485252438
1598,122.729307202431
1599,122.667187924516
1600,122.605127346588
1601,122.543125396662
1602,122.481182002875
1603,122.41929709348
1604,122.357470596853
1605,122.295702441488
1606,122.233992555998
1607,122.172340869113
1608,122.110747309684
1609,122.049211806679
1610,121.987734289184
1611,121.926314686402
1612,121.864952927653
1613,121.803648942377
1614,121.742402660128
1615,121.681214010578
1616,121.620082923513
1617,121.559009328838
1618,121.497993156574
1619,121.437034336854
1620,121.37613279993
1621,121.315288476167
1622,121.254501296046
1623,121.193771190162
1624,121.133098089225
1625,121.072481924058
1626,121.011922625598
1627,120.951420124896
1628,120.890974353117
1629,120.830585241539
1630,120.77025272155
1631,120.709976724655
1632,120.649757182468
1633,120.589594026717
1634,120.529487189241
1635,120.46943660199
1636,120.409442197028
1637,120.349503906527
1638,120.289621662771
1639,120.229795398156
1640,120.170025045187
1641,120.11031053648
1642,120.05065180476
1643,119.991048782862
1644,119.931501403731
1645,119.872009600422
1646,119.812573306097
1647,119.753192454027
1648,119.693866977595
1649,119.634596810287
1650,119.5753818857
1651,119.51622213754
1652,119.457117499619
1653,119.398067905856
1654,119.339073290277
1655,119.280133587017
1656,119.221248730316
1657,119.162418654521
1658,119.103643294084
1659,119.044922583566
1660,118.98625645763
1661,118.927644851048
1662,118.869087698695
1663,118.810584935551
1664,118.752136496704
1665,118.693742317343
1666,118.635402332763
1667,118.577116478364
1668,118.518884689649
1669,118.460706902223
1670,118.402583051799
1671,118.34451307419
1672,118.286496905313
1673,118.228534481187
1674,118.170625737935
1675,118.112770611783
1676,118.054969039058
1677,117.997220956188
1678,117.939526299705
1679,117.881885006242
1680,117.824297012533
1681,117.766762255412
1682,117.709280671818
1683,117.651852198785
1684,117.594476773453
1685,117.537154333058
1686,117.47988481494
1687,117.422668156535
1688,117.365504295381
1689,117.308393169116
1690,117.251334715475
1691,117.194328872295
1692,117.137375577509
1693,117.08047476915
1694,117.02362638535
1695,116.966830364339
1696,116.910086644443
1697,116.853395164089
1698,116.7967558618
1699,116.740168676196
1700,116.683633545994
1701,116.62715041001
1702,116.570719207155
1703,116.514339876438
1704,116.458012356962
1705,116.401736587929
1706,116.345512508635
1707,116.289340058473
1708,116.233219176932
1709,116.177149803594
1710,116.121131878139
1711,116.06516534034
1712,116.009250130067
1713,115.953386187281
1714,115.897573452042
1715,115.841811864501
1716,115.786101364903
1717,115.730441893589
1718,115.674833390992
1719,115.619275797639
1720,115.56376905415
1721,115.508313101239
1722,115.45290787971
1723,115.397553330463
1724,115.342249394489
1725,115.286996012872
1726,115.231793126788
1727,115.176640677502
1728,115.121538606376
1729,115.06648685486
1730,115.011485364496
1731,114.956534076916
1732,114.901632933847
1733,114.846781877101
1734,114.791980848586
1735,114.737229790298
1736,114.682528644321
1737,114.627877352834
1738,114.573275858102
1739,114.518724102481
1740,114.464222028416
1741,114.409769578442
1742,114.355366695183
1743,114.301013321352
1744,114.24670939975
1745,114.192454873267
1746,114.138249684881
1747,114.08409377766
1748,114.029987094759
1749,113.975929579419
1750,113.921921174971
1751,113.867961824834
1752,113.814051472511
1753,113.760190061595
1754,113.706377535767
1755,113.652613838791
1756,113.59889891452
1757,113.545232706894
1758,113.491615159937
1759,113.438046217762
1760,113.384525824566
1761,113.331053924631
1762,113.277630462327
1763,113.224255382107
1764,113.170928628512
1765,113.117650146165
1766,113.064419879775
1767,113.011237774137
1768,112.958103774129
1769,112.905017824714
1770,112.85197987094
1771,112.798989857936
1772,112.746047730918
1773,112.693153435186
1774,112.64030691612
1775,112.587508119187
1776,112.534756989935
1777,112.482053473996
1778,112.429397517084
1779,112.376789064998
1780,112.324228063616
1781,112.271714458901
1782,112.219248196897
1783,112.16682922373
1784,112.11445748561
1785,112.062132928825
1786,112.009855499748
1787,111.95762514483
1788,111.905441810606
1789,111.853305443692
1790,111.801215990783
1791,111.749173398656
1792,111.697177614168
1793,111.645228584257
1794,111.593326255941
1795,111.541470576317
1796,111.489661492564
1797,111.43789895194
1798,111.386182901781
1799,111.334513289505
1800,111.282890062607
1801,111.231313168663
1802,111.179782555327
1803,111.128298170331
1804,111.076859961488
1805,111.025467876688
1806,110.974121863899
1807,110.922821871167
1808,110.871567846618
1809,110.820359738454
1810,110.769197494955
1811,110.71808106448
1812,110.667010395463
1813,110.615985436418
1814,110.565006135934
1815,110.514072442678
1816,110.463184305393
1817,110.4123416729
1818,110.361544494095
1819,110.310792717952
1820,110.26008629352
1821,110.209425169923
1822,110.158809296365
1823,110.10823862212
1824,110.057713096543
1825,110.007232669062
1826,109.956797289179
1827,109.906406906474
1828,109.856061470601
1829,109.805760931287
1830,109.755505238336
1831,109.705294341626
1832,109.65512819111
1833,109.605006736813
1834,109.554929928838
1835,109.504897717358
1836,109.454910052622
1837,109.404966884954
1838,109.355068164747
1839,109.305213842473
1840,109.255403868673
1841,109.205638193964
1842,109.155916769035
1843,109.106239544646
1844,109.056606471633
1845,109.007017500903
1846,108.957472583434
1847,108.90797167028
1848,108.858514712563
1849,108.809101661479
1850,108.759732468297
1851,108.710407084355
1852,108.661125461066
1853,108.611887549911
1854,108.562693302445
1855,108.513542670293
1856,108.46443560515
1857,108.415372058785
1858,108.366351983034
1859,108.317375329807
1860,108.268442051081
1861,108.219552098908
1862,108.170705425406
1863,108.121901982765
1864,108.073141723245
1865,108.024424599174
1866,107.975750562953
1867,107.927119567051
1868,107.878531564004
1869,107.829986506421
1870,107.781484346979
1871,107.733025038422
1872,107.684608533566
1873,107.636234785294
1874,107.587903746558
1875,107.539615370377
1876,107.491369609842
1877,107.443166418109
1878,107.395005748403
1879,107.346887554018
1880,107.298811788313
1881,107.250778404719
1882,107.202787356731
1883,107.154838597913
1884,107.106932081896
1885,107.059067762379
1886,107.011245593126
1887,106.96346552797
1888,106.915727520811
1889,106.868031525613
1890,106.82037749641
1891,106.7727653873
1892,106.725195152448
1893,106.677666746087
1894,106.630180122512
1895,106.582735236087
1896,106.535332041242
1897,106.487970492472
1898,106.440650544336
1899,106.393372151461
1900,106.346135268538
1901,106.298939850322
1902,106.251785851637
1903,106.204673227367
1904,106.157601932464
1905,106.110571921944
1906,106.063583150888
1907,106.01663557444
1908,105.96972914781
1909,105.92286382627
1910,105.87603956516
1911,105.82925631988
1912,105.782514045895
1913,105.735812698735
1914,105.689152233993
1915,105.642532607325
1916,105.59595377445
1917,105.549415691151
1918,105.502918313275
1919,105.45646159673
1920,105.410045497489
1921,105.363669971585
1922,105.317334975117
1923,105.271040464244
1924,105.22478639519
1925,105.178572724237
1926,105.132399407734
1927,105.08626640209
1928,105.040173663775
1929,104.994121149321
1930,104.948108815325
1931,104.902136618441
1932,104.856204515388
1933,104.810312462944
1934,104.764460417951
1935,104.718648337308
1936,104.67287617798
1937,104.627143896989
1938,104.58145145142
1939,104.535798798417
1940,104.490185895187
1941,104.444612698995
1942,104.399079167169
1943,104.353585257094
1944,104.308130926218
1945,104.262716132048
1946,104.21734083215
1947,104.172004984151
1948,104.126708545737
1949,104.081451474656
1950,104.036233728711
1951,103.991055265768
1952,103.945916043751
1953,103.900816020644
1954,103.855755154488
1955,103.810733403385
1956,103.765750725495
1957,103.720807079037
1958,103.675902422288
1959,103.631036713585
1960,103.586209911321
1961,103.541421973949
1962,103.49667285998
1963,103.451962527983
1964,103.407290936586
1965,103.362658044471
1966,103.318063810383
1967,103.273508193121
1968,103.228991151543
1969,103.184512644564
1970,103.140072631157
1971,103.095671070351
1972,103.051307921234
1973,103.006983142948
1974,102.962696694695
1975,102.918448535733
1976,102.874238625376
1977,102.830066922994
1978,102.785933388016
1979,102.741837979925
1980,102.697780658261
1981,102.65376138262
1982,102.609780112656
1983,102.565836808076
1984,102.521931428645
1985,102.478063934183
1986,102.434234284565
1987,102.390442439724
1988,102.346688359646
1989,102.302972004373
1990,102.259293334003
1991,102.215652308688
1992,102.172048888637
1993,102.128483034112
1994,102.084954705431
1995,102.041463862967
1996,101.998010467146
1997,101.954594478451
1998,101.911215857417
1999,101.867874564636
2000,101.824570560751
2001,101.781303806464
2002,101.738074262526
2003,101.694881889745
2004,101.651726648982
2005,101.608608501152
2006,101.565527407224
2007,101.52248332822
2008,101.479476225215
2009,101.43650605934
2010,101.393572791776
2011,101.35067638376
2012,101.30781679658
2013,101.264993991579
2014,101.22220793015
2015,101.179458573742
2016,101.136745883856
2017,101.094069822044
2018,101.051430349913
2019,101.00882742912
2020,100.966261021376
2021,100.923731088445
2022,100.88123759214
2023,100.838780494329
2024,100.796359756932
2025,100.753975341919
2026,100.711627211313
2027,100.669315327189
2028,100.627039651673
2029,100.584800146944
2030,100.542596775229
2031,100.50042949881
2032,100.458298280019
2033,100.416203081238
2034,100.374143864903
2035,100.332120593497
2036,100.290133229557
2037,100.24818173567
2038,100.206266074474
2039,100.164386208656
2040,100.122542100955
2041,100.080733714161
2042,100.038961011114
2043,99.997223954702
2044,99.9555225078664
2045,99.913856633597
2046,99.872226294934
2047,99.8306314549675
2048,99.7890720768373
2049,99.7475481237331
2050,99.7060595588942
2051,99.6646063456096
2052,99.6231884472175
2053,99.5818058271058
2054,99.5404584487115
2055,99.499146275521
2056,99.4578692710696
2057,99.4166273989418
2058,99.3754206227712
2059,99.33424890624
2060,99.2931122130794
2061,99.2520105070691
2062,99.2109437520376
2063,99.169911911862
2064,99.1289149504676
2065,99.0879528318282
2066,99.0470255199659
2067,99.0061329789511
2068,98.965275172902
2069,98.9244520659851
2070,98.8836636224148
2071,98.8429098064532
2072,98.8021905824104
2073,98.7615059146441
2074,98.7208557675596
2075,98.6802401056096
2076,98.6396588932944
2077,98.5991120951618
2078,98.5585996758065
2079,98.5181215998708
2080,98.4776778320438
2081,98.4372683370618
2082,98.3968930797079
2083,98.3565520248123
2084,98.3162451372519
2085,98.2759723819501
2086,98.2357337238772
2087,98.19552912805
2088,98.1553585595316
2089,98.1152219834316
2090,98.0751193649058
2091,98.0350506691565
2092,97.9950158614319
2093,97.9550149070262
2094,97.9150477712797
2095,97.8751144195788
2096,97.8352148173553
2097,97.7953489300871
2098,97.7555167232977
2099,97.7157181625559
2100,97.6759532134764
2101,97.6362218417191
2102,97.5965240129894
2103,97.5568596930378
2104,97.5172288476601
2105,97.4776314426972
2106,97.4380674440351
2107,97.3985368176046
2108,97.3590395293816
2109,97.3195755453867
2110,97.280144831685
2111,97.2407473543868
2112,97.2013830796465
2113,97.1620519736632
2114,97.1227540026804
2115,97.0834891329859
2116,97.0442573309119
2117,97.0050585628346
2118,96.9658927951745
2119,96.926759994396
2120,96.8876601270076
2121,96.8485931595617
2122,96.8095590586544
2123,96.7705577909256
2124,96.731589323059
2125,96.6926536217816
2126,96.6537506538643
2127,96.6148803861211
2128,96.5760427854095
2129,96.5372378186304
2130,96.4984654527278
2131,96.4597256546891
2132,96.4210183915443
2133,96.3823436303668
2134,96.3437013382729
2135,96.3050914824216
2136,96.2665140300148
2137,96.2279689482971
2138,96.1894562045557
2139,96.1509757661204
2140,96.1125276003635
2141,96.0741116746997
2142,96.0357279565862
2143,95.9973764135221
2144,95.9590570130492
2145,95.9207697227512
2146,95.8825145102537
2147,95.8442913432247
2148,95.8061001893736
2149,95.7679410164523
2150,95.7298137922539
2151,95.6917184846135
2152,95.6536550614078
2153,95.6156234905552
2154,95.5776237400153
2155,95.5396557777893
2156,95.5017195719199
2157,95.4638150904909
2158,95.4259423016274
2159,95.3881011734957
2160,95.350291674303
2161,95.3125137722977
2162,95.2747674357692
2163,95.2370526330475
2164,95.1993693325037
2165,95.1617175025496
2166,95.1240971116375
2167,95.0865081282603
2168,95.0489505209518
2169,95.0114242582858
2170,94.9739293088769
2171,94.9364656413798
2172,94.8990332244894
2173,94.861632026941
2174,94.82426201751
2175,94.7869231650118
2176,94.7496154383019
2177,94.7123388062755
2178,94.6750932378678
2179,94.637878702054
2180,94.6006951678488
2181,94.5635426043066
2182,94.5264209805213
2183,94.4893302656266
2184,94.4522704287955
2185,94.4152414392404
2186,94.3782432662131
2187,94.3412758790046
2188,94.3043392469451
2189,94.2674333394041
2190,94.23055812579
2191,94.1937135755502
2192,94.1568996581713
2193,94.1201163431784
2194,94.0833636001358
2195,94.0466413986464
2196,94.0099497083516
2197,93.9732884989317
2198,93.9366577401055
2199,93.9000574016302
2200,93.8634874533015
2201,93.8269478649535
2202,93.7904386064585
2203,93.7539596477271
2204,93.7175109587083
2205,93.6810925093888
2206,93.6447042697937
2207,93.6083462099859
2208,93.5720183000664
2209,93.5357205101739
2210,93.499452810485
2211,93.463215171214
2212,93.4270075626129
2213,93.3908299549714
2214,93.3546823186165
2215,93.3185646239131
2216,93.2824768412631
2217,93.2464189411062
2218,93.210390893919
2219,93.1743926702157
2220,93.1384242405475
2221,93.1024855755027
2222,93.0665766457068
2223,93.0306974218222
2224,92.9948478745484
2225,92.9590279746216
2226,92.9232376928148
2227,92.8874769999381
2228,92.8517458668379
2229,92.8160442643975
2230,92.7803721635368
2231,92.7447295352119
2232,92.7091163504159
2233,92.6735325801778
2234,92.6379781955633
2235,92.6024531676741
2236,92.5669574676484
2237,92.5314910666605
2238,92.4960539359206
2239,92.4606460466752
2240,92.4252673702068
2241,92.3899178778336
2242,92.35459754091
2243,92.319306330826
2244,92.2840442190073
2245,92.2488111769155
2246,92.2136071760478
2247,92.178432187937
2248,92.1432861841512
2249,92.1081691362944
2250,92.0730810160055
2251,92.0380217949593
2252,92.0029914448655
2253,91.9679899374692
2254,91.9330172445506
2255,91.8980733379253
2256,91.8631581894435
2257,91.8282717709909
2258,91.7934140544879
2259,91.7585850118898
2260,91.7237846151868
2261,91.6890128364041
2262,91.6542696476012
2263,91.6195550208725
2264,91.5848689283472
2265,91.5502113421888
2266,91.5155822345955
2267,91.4809815777998
2268,91.4464093440687
2269,91.4118655057035
2270,91.37735003504
2271,91.3428629044478
2272,91.3084040863311
2273,91.273973553128
2274,91.2395712773108
2275,91.2051972313857
2276,91.170851387893
2277,91.1365337194067
2278,91.1022441985349
2279,91.0679827979193
2280,91.0337494902356
2281,90.9995442481929
2282,90.965367044534
2283,90.9312178520354
2284,90.8970966435072
2285,90.8630033917927
2286,90.828938069769
2287,90.7949006503461
2288,90.7608911064677
2289,90.7269094111107
2290,90.6929555372851
2291,90.6590294580341
2292,90.6251311464341
2293,90.5912605755944
2294,90.5574177186574
2295,90.5236025487984
2296,90.4898150392257
2297,90.4560551631803
2298,90.4223228939361
2299,90.3886182047997
2300,90.3549410691104
2301,90.3212914602401
2302,90.2876693515934
2303,90.2540747166072
2304,90.2205075287512
2305,90.1869677615272
2306,90.1534553884697
2307,90.1199703831453
2308,90.0865127191529
2309,90.0530823701238
2310,90.0196793097213
2311,89.9863035116408
2312,89.9529549496099
2313,89.9196335973882
2314,89.8863394287671
2315,89.8530724175703
2316,89.819832537653
2317,89.7866197629024
2318,89.7534340672375
2319,89.7202754246088
2320,89.6871438089988
2321,89.6540391944213
2322,89.6209615549218
2323,89.5879108645776
2324,89.5548870974969
2325,89.5218902278199
2326,89.4889202297178
2327,89.4559770773934
2328,89.4230607450803
2329,89.3901712070439
2330,89.3573084375805
2331,89.3244724110176
2332,89.2916631017135
2333,89.2588804840581
2334,89.2261245324717
2335,89.1933952214059
2336,89.1606925253431
2337,89.1280164187965
2338,89.0953668763101
2339,89.0627438724586
2340,89.0301473818475
2341,88.997577379113
2342,88.9650338389216
2343,88.9325167359706
2344,88.9000260449878
2345,88.8675617407314
2346,88.83512379799
2347,88.8027121915825
2348,88.7703268963584
2349,88.737967887197
2350,88.7056351390082
2351,88.673328626732
2352,88.6410483253384
2353,88.6087942098275
2354,88.5765662552296
2355,88.5443644366049
2356,88.5121887290434
2357,88.4800391076653
2358,88.4479155476203
2359,88.415818024088
2360,88.383746512278
2361,88.3517009874293
2362,88.3196814248107
2363,88.2876877997207
2364,88.2557200874871
2365,88.2237782634676
2366,88.191862303049
2367,88.1599721816479
2368,88.1281078747099
2369,88.0962693577104
2370,88.0644566061536
2371,88.0326695955733
2372,88.0009083015324
2373,87.9691726996231
2374,87.9374627654664
2375,87.9057784747127
2376,87.8741198030412
2377,87.8424867261602
2378,87.8108792198071
2379,87.7792972597478
2380,87.7477408217773
2381,87.7162098817194
2382,87.6847044154267
2383,87.6532243987803
2384,87.6217698076903
2385,87.5903406180952
2386,87.5589368059622
2387,87.5275583472868
2388,87.4962052180934
2389,87.4648773944346
2390,87.4335748523913
2391,87.4022975680731
2392,87.3710455176177
2393,87.3398186771911
2394,87.3086170229877
2395,87.2774405312299
2396,87.2462891781682
2397,87.2151629400815
2398,87.1840617932765
2399,87.1529857140881
2400,87.121934678879
2401,87.0909086640399
2402,87.0599076459897
2403,87.0289316011746
2404,86.9979805060691
2405,86.9670543371752
2406,86.9361530710227
2407,86.9052766841691
2408,86.8744251531995
2409,86.8435984547266
2410,86.8127965653908
2411,86.7820194618599
2412,86.7512671208291
2413,86.7205395190212
2414,86.6898366331862
2415,86.6591584401016
2416,86.6285049165721
2417,86.5978760394299
2418,86.5672717855342
2419,86.5366921317714
2420,86.5061370550551
2421,86.4756065323261
2422,86.4451005405519
2423,86.4146190567276
2424,86.3841620578747
2425,86.3537295210421
2426,86.3233214233053
2427,86.2929377417668
2428,86.2625784535558
2429,86.2322435358284
2430,86.2019329657674
2431,86.1716467205824
2432,86.1413847775094
2433,86.1111471138112
2434,86.0809337067771
2435,86.0507445337231
2436,86.0205795719915
2437,85.9904387989512
2438,85.9603221919974
2439,85.9302297285517
2440,85.9001613860622
2441,85.870117142003
2442,85.8400969738747
2443,85.8101008592041
2444,85.7801287755441
2445,85.7501807004738
2446,85.7202566115984
2447,85.690356486549
2448,85.660480302983
2449,85.6306280385836
2450,85.60079967106
2451,85.5709951781474
2452,85.5412145376066
2453,85.5114577272245
2454,85.4817247248138
2455,85.4520155082126
2456,85.4223300552853
2457,85.3926683439213
2458,85.3630303520363
2459,85.3334160575711
2460,85.3038254384923
2461,85.2742584727919
2462,85.2447151384876
2463,85.2151954136223
2464,85.1856992762645
2465,85.156226704508
2466,85.1267776764719
2467,85.0973521703006
2468,85.0679501641637
2469,85.0385716362563
2470,85.0092165647985
2471,84.9798849280353
2472,84.9505767042373
2473,84.9212918716999
2474,84.8920304087435
2475,84.8627922937135
2476,84.8335775049805
2477,84.8043860209397
2478,84.7752178200114
2479,84.7460728806408
2480,84.7169511812976
2481,84.6878527004767
2482,84.6587774166974
2483,84.6297253085039
2484,84.6006963544649
2485,84.571690533174
2486,84.5427078232491
2487,84.5137482033329
2488,84.4848116520924
2489,84.4558981482193
2490,84.4270076704296
2491,84.3981401974638
2492,84.3692957080868
2493,84.3404741810878
2494,84.3116755952802
2495,84.2828999295019
2496,84.2541471626149
2497,84.2254172735053
2498,84.1967102410836
2499,84.1680260442843
2500,84.1393646620659
2501,84.1107260734113
2502,84.082110257327
2503,84.0535171928437
2504,84.0249468590162
2505,83.9963992349228
2506,83.9678742996662
2507,83.9393720323725
2508,83.9108924121919
2509,83.8824354182982
2510,83.8540010298891
2511,83.8255892261859
2512,83.7971999864337
2513,83.768833289901
2514,83.7404891158802
2515,83.7121674436871
2516,83.6838682526611
2517,83.655591522165
2518,83.6273372315852
2519,83.5991053603314
2520,83.5708958878369
2521,83.5427087935581
2522,83.5145440569751
2523,83.4864016575908
2524,83.4582815749319
2525,83.4301837885479
2526,83.4021082780118
2527,83.3740550229195
2528,83.3460240028903
2529,83.3180151975664
2530,83.2900285866131
2531,83.2620641497188
2532,83.2341218665948
2533,83.2062017169754
2534,83.1783036806181
2535,83.1504277373027
2536,83.1225738668324
2537,83.094742049033
2538,83.0669322637531
2539,83.0391444908641
2540,83.0113787102602
2541,82.9836349018582
2542,82.9559130455975
2543,82.9282131214404
2544,82.9005351093715
2545,82.8728789893981
2546,82.8452447415502
2547,82.8176323458799
2548,82.7900417824621
2549,82.7624730313942
2550,82.7349260727956
2551,82.7074008868084
2552,82.6798974535971
2553,82.6524157533482
2554,82.6249557662708
2555,82.5975174725961
2556,82.5701008525773
2557,82.5427058864902
2558,82.5153325546325
2559,82.4879808373241
2560,82.4606507149068
2561,82.4333421677448
2562,82.406055176224
2563,82.3787897207525
2564,82.3515457817601
2565,82.3243233396989
2566,82.2971223750427
2567,82.269942868287
2568,82.2427847999495
2569,82.2156481505694
2570,82.1885329007078
2571,82.1614390309475
2572,82.1343665218931
2573,82.1073153541707
2574,82.0802855084282
2575,82.0532769653352
2576,82.0262897055827
2577,81.9993237098831
2578,81.9723789589709
2579,81.9454554336015
2580,81.918553114552
2581,81.8916719826211
2582,81.8648120186285
2583,81.8379732034157
2584,81.8111555178454
2585,81.7843589428013
2586,81.7575834591889
2587,81.7308290479345
2588,81.704095689986
2589,81.6773833663123
2590,81.6506920579033
2591,81.6240217457702
2592,81.5973724109455
2593,81.5707440344824
2594,81.5441365974554
2595,81.5175500809599
2596,81.4909844661123
2597,81.4644397340498
2598,81.437915865931
2599,81.4114128429349
2600,81.3849306462614
2601,81.3584692571316
2602,81.3320286567871
2603,81.3056088264902
2604,81.2792097475244
2605,81.2528314011933
2606,81.2264737688216
2607,81.2001368317546
2608,81.1738205713582
2609,81.1475249690188
2610,81.1212500061434
2611,81.0949956641598
2612,81.068761924516
2613,81.0425487686805
2614,81.0163561781425
2615,80.9901841344113
2616,80.964032619017
2617,80.9379016135096
2618,80.9117910994598
2619,80.8857010584586
2620,80.8596314721169
2621,80.8335823220664
2622,80.8075535899586
2623,80.7815452574653
2624,80.7555573062787
2625,80.7295897181109
2626,80.7036424746942
2627,80.6777155577809
2628,80.6518089491434
2629,80.6259226305743
2630,80.6000565838859
2631,80.5742107909107
2632,80.5483852335011
2633,80.5225798935293
2634,80.4967947528875
2635,80.4710297934877
2636,80.4452849972619
2637,80.4195603461617
2638,80.3938558221586
2639,80.3681714072438
2640,80.3425070834282
2641,80.3168628327425
2642,80.2912386372369
2643,80.2656344789814
2644,80.2400503400656
2645,80.2144862025985
2646,80.1889420487089
2647,80.1634178605451
2648,80.1379136202747
2649,80.112429310085
2650,80.0869649121826
2651,80.0615204087937
2652,80.0360957821637
2653,80.0106910145576
2654,79.9853060882593
2655,79.9599409855726
2656,79.9345956888203
2657,79.9092701803444
2658,79.8839644425062
2659,79.8586784576862
2660,79.8334122082842
2661,79.8081656767189
2662,79.7829388454285
2663,79.7577316968699
2664,79.7325442135194
2665,79.7073763778722
2666,79.6822281724425
2667,79.6570995797637
2668,79.6319905823878
2669,79.6069011628861
2670,79.5818313038486
2671,79.5567809878844
2672,79.5317501976212
2673,79.5067389157059
2674,79.4817471248037
2675,79.4567748075992
2676,79.4318219467954
2677,79.4068885251139
2678,79.3819745252954
2679,79.3570799300991
2680,79.3322047223028
2681,79.307348884703
2682,79.2825124001148
2683,79.2576952513719
2684,79.2328974213266
2685,79.2081188928496
2686,79.1833596488303
2687,79.1586196721764
2688,79.1338989458141
2689,79.1091974526881
2690,79.0845151757616
2691,79.0598520980158
2692,79.0352082024507
2693,79.0105834720845
2694,78.9859778899535
2695,78.9613914391124
2696,78.9368241026344
2697,78.9122758636105
2698,78.8877467051502
2699,78.8632366103812
2700,78.8387455624492
2701,78.814273544518
2702,78.7898205397698
2703,78.7653865314045
2704,78.7409715026405
2705,78.7165754367138
2706,78.6921983168785
2707,78.6678401264069
2708,78.6435008485892
2709,78.6191804667334
2710,78.5948789641654
2711,78.5705963242293
2712,78.5463325302866
2713,78.522087565717
2714,78.4978614139177
2715,78.4736540583042
2716,78.4494654823092
2717,78.4252956693835
2718,78.4011446029954
2719,78.3770122666311
2720,78.3528986437943
2721,78.3288037180064
2722,78.3047274728065
2723,78.2806698917511
2724,78.2566309584146
2725,78.2326106563887
2726,78.2086089692826
2727,78.1846258807231
2728,78.1606613743546
2729,78.1367154338386
2730,78.1127880428545
2731,78.0888791850987
2732,78.0649888442853
2733,78.0411170041454
2734,78.0172636484278
2735,77.9934287608984
2736,77.9696123253406
2737,77.9458143255547
2738,77.9220347453586
2739,77.8982735685874
2740,77.8745307790931
2741,77.8508063607451
2742,77.8271002974301
2743,77.8034125730516
2744,77.7797431715303
2745,77.7560920768041
2746,77.732459272828
2747,77.7088447435739
2748,77.6852484730306
2749,77.6616704452043
2750,77.6381106441177
2751,77.6145690538107
2752,77.5910456583402
2753,77.5675404417799
2754,77.5440533882202
2755,77.5205844817687
2756,77.4971337065494
2757,77.4737010467037
2758,77.4502864863892
2759,77.4268900097807
2760,77.4035116010695
2761,77.3801512444636
2762,77.3568089241879
2763,77.3334846244838
2764,77.3101783296094
2765,77.2868900238395
2766,77.2636196914655
2767,77.2403673167953
2768,77.2171328841534
2769,77.1939163778808
2770,77.1707177823352
2771,77.1475370818906
2772,77.1243742609376
2773,77.1012293038831
2774,77.0781021951507
2775,77.0549929191802
2776,77.0319014604278
2777,77.0088278033662
2778,76.9857719324842
2779,76.9627338322873
2780,76.9397134872969
2781,76.916710882051
2782,76.8937260011037
2783,76.8707588290254
2784,76.8478093504025
2785,76.824877549838
2786,76.8019634119509
2787,76.7790669213761
2788,76.7561880627649
2789,76.7333268207848
2790,76.7104831801191
2791,76.6876571254672
2792,76.6648486415449
2793,76.6420577130837
2794,76.619284324831
2795,76.5965284615506
2796,76.573790108022
2797,76.5510692490405
2798,76.5283658694176
2799,76.5056799539806
2800,76.4830114875726
2801,76.4603604550526
2802,76.4377268412955
2803,76.415110631192
2804,76.3925118096485
2805,76.3699303615872
2806,76.3473662719462
2807,76.3248195256791
2808,76.3022901077554
2809,76.2797780031602
2810,76.2572831968944
2811,76.2348056739742
2812,76.2123454194319
2813,76.189902418315
2814,76.1674766556869
2815,76.1450681166263
2816,76.1226767862277
2817,76.1003026496008
2818,76.0779456918713
2819,76.0556058981799
2820,76.033283253683
2821,76.0109777435524
2822,75.9886893529753
2823,75.9664180671544
2824,75.9441638713076
2825,75.9219267506684
2826,75.8997066904855
2827,75.877503676023
2828,75.8553176925601
2829,75.8331487253916
2830,75.8109967598273
2831,75.7888617811923
2832,75.7667437748272
2833,75.7446427260874
2834,75.7225586203436
2835,75.700491442982
2836,75.6784411794034
2837,75.6564078150241
2838,75.6343913352753
2839,75.6123917256036
2840,75.5904089714703
2841,75.5684430583519
2842,75.54649397174
2843,75.5245616971411
2844,75.5026462200768
2845,75.4807475260835
2846,75.4588656007126
2847,75.4370004295307
2848,75.4151519981188
2849,75.3933202920733
2850,75.3715052970051
2851,75.3497069985402
2852,75.3279253823193
2853,75.306160433998
2854,75.2844121392466
2855,75.2626804837502
2856,75.2409654532087
2857,75.2192670333367
2858,75.1975852098635
2859,75.1759199685333
2860,75.1542712951046
2861,75.1326391753509
2862,75.1110235950602
2863,75.0894245400351
2864,75.0678419960929
2865,75.0462759490654
2866,75.0247263847991
2867,75.0031932891548
2868,74.981676648008
2869,74.9601764472487
2870,74.9386926727815
2871,74.9172253105252
2872,74.8957743464133
2873,74.8743397663936
2874,74.8529215564284
2875,74.8315197024944
2876,74.8101341905826
2877,74.7887650066983
2878,74.7674121368614
2879,74.746075567106
2880,74.7247552834804
2881,74.7034512720472
2882,74.6821635188835
2883,74.6608920100804
2884,74.6396367317434
2885,74.618397669992
2886,74.5971748109602
2887,74.575968140796
2888,74.5547776456614
2889,74.533603311733
2890,74.512445125201
2891,74.4913030722701
2892,74.4701771391588
2893,74.4490673121
2894,74.4279735773404
2895,74.4068959211407
2896,74.3858343297758
2897,74.3647887895345
2898,74.3437592867197
2899,74.3227458076479
2900,74.3017483386501
2901,74.2807668660708
2902,74.2598013762685
2903,74.2388518556157
2904,74.2179182904986
2905,74.1970006673175
2906,74.1760989724864
2907,74.155213192433
2908,74.134343313599
2909,74.1134893224398
2910,74.0926512054246
2911,74.0718289490363
2912,74.0510225397716
2913,74.0302319641409
2914,74.0094572086683
2915,73.9886982598914
2916,73.9679551043618
2917,73.9472277286445
2918,73.9265161193183
2919,73.9058202629753
2920,73.8851401462215
2921,73.8644757556766
2922,73.8438270779733
2923,73.8231940997585
2924,73.8025768076921
2925,73.7819751884478
2926,73.7613892287127
2927,73.7408189151875
2928,73.7202642345861
2929,73.699725173636
2930,73.6792017190782
2931,73.6586938576669
2932,73.63820157617
2933,73.6177248613684
2934,73.5972637000566
2935,73.5768180790424
2936,73.5563879851468
2937,73.5359734052044
2938,73.5155743260627
2939,73.4951907345828
2940,73.4748226176388
2941,73.4544699621183
2942,73.4341327549218
2943,73.4138109829634
2944,73.3935046331699
2945,73.3732136924818
2946,73.3529381478525
2947,73.3326779862483
2948,73.3124331946491
2949,73.2922037600475
2950,73.2719896694495
2951,73.251790909874
2952,73.2316074683529
2953,73.2114393319313
2954,73.1912864876673
2955,73.1711489226319
2956,73.151026623909
2957,73.1309195785959
2958,73.1108277738024
2959,73.0907511966516
2960,73.0706898342791
2961,73.0506436738339
2962,73.0306127024775
2963,73.0105969073845
2964,72.9905962757423
2965,72.9706107947511
2966,72.9506404516241
2967,72.930685233587
2968,72.9107451278786
2969,72.8908201217504
2970,72.8709102024665
2971,72.851015357304
2972,72.8311355735525
2973,72.8112708385145
2974,72.7914211395052
2975,72.7715864638523
2976,72.7517667988963
2977,72.7319621319904
2978,72.7121724505004
2979,72.6923977418047
2980,72.6726379932942
2981,72.6528931923726
2982,72.6331633264562
2983,72.6134483829735
2984,72.5937483493659
2985,72.5740632130872
2986,72.5543929616039
2987,72.5347375823945
2988,72.5150970629506
2989,72.4954713907758
2990,72.4758605533865
2991,72.4562645383112
2992,72.436683333091
2993,72.4171169252795
2994,72.3975653024426
2995,72.3780284521584
2996,72.3585063620176
2997,72.3389990196233
2998,72.3195064125905
2999,72.300028528547
3000,72.2805653551327
3001,72.2611168799997
3002,72.2416830908126
3003,72.2222639752479
3004,72.2028595209947
3005,72.183469715754
3006,72.1640945472394
3007,72.1447340031764
3008,72.1253880713027
3009,72.1060567393681
3010,72.0867399951348
3011,72.067437826377
3012,72.048150220881
3013,72.0288771664451
3014,72.0096186508799
3015,71.9903746620079
3016,71.9711451876637
3017,71.9519302156941
3018,71.9327297339576
3019,71.9135437303251
3020,71.8943721926792
3021,71.8752151089146
3022,71.8560724669381
3023,71.8369442546681
3024,71.8178304600353
3025,71.7987310709822
3026,71.7796460754631
3027,71.7605754614443
3028,71.741519216904
3029,71.7224773298321
3030,71.7034497882308
3031,71.6844365801136
3032,71.6654376935061
3033,71.6464531164456
3034,71.6274828369814
3035,71.6085268431743
3036,71.589585123097
3037,71.5706576648341
3038,71.5517444564816
3039,71.5328454861475
3040,71.5139607419514
3041,71.4950902120246
3042,71.4762338845102
3043,71.4573917475628
3044,71.4385637893486
3045,71.4197499980457
3046,71.4009503618435
3047,71.3821648689433
3048,71.3633935075579
3049,71.3446362659115
3050,71.3258931322401
3051,71.3071640947913
3052,71.2884491418239
3053,71.2697482616086
3054,71.2510614424273
3055,71.2323886725736
3056,71.2137299403526
3057,71.1950852340806
3058,71.1764545420857
3059,71.1578378527072
3060,71.139235154296
3061,71.1206464352143
3062,71.1020716838356
3063,71.083510888545
3064,71.0649640377389
3065,71.046431119825
3066,71.0279121232223
3067,71.0094070363614
3068,70.9909158476838
3069,70.9724385456427
3070,70.9539751187023
3071,70.9355255553382
3072,70.9170898440373
3073,70.8986679732976
3074,70.8802599316286
3075,70.8618657075507
3076,70.8434852895957
3077,70.8251186663066
3078,70.8067658262375
3079,70.7884267579537
3080,70.7701014500316
3081,70.7517898910589
3082,70.7334920696342
3083,70.7152079743674
3084,70.6969375938795
3085,70.6786809168023
3086,70.6604379317791
3087,70.6422086274639
3088,70.6239929925219
3089,70.6057910156295
3090,70.5876026854738
3091,70.569427990753
3092,70.5512669201764
3093,70.5331194624643
3094,70.5149856063478
3095,70.4968653405691
3096,70.4787586538812
3097,70.4606655350482
3098,70.4425859728449
3099,70.4245199560573
3100,70.4064674734819
3101,70.3884285139265
3102,70.3704030662094
3103,70.35239111916
3104,70.3343926616183
3105,70.3164076824353
3106,70.2984361704728
3107,70.2804781146034
3108,70.2625335037104
3109,70.2446023266878
3110,70.2266845724407
3111,70.2087802298845
3112,70.1908892879457
3113,70.1730117355613
3114,70.155147561679
3115,70.1372967552575
3116,70.1194593052657
3117,70.1016352006836
3118,70.0838244305015
3119,70.0660269837207
3120,70.0482428493528
3121,70.0304720164203
3122,70.0127144739561
3123,69.9949702110038
3124,69.9772392166174
3125,69.9595214798618
3126,69.9418169898121
3127,69.9241257355542
3128,69.9064477061845
3129,69.8887828908096
3130,69.8711312785471
3131,69.8534928585248
3132,69.8358676198809
3133,69.8182555517643
3134,69.8006566433343
3135,69.7830708837604
3136,69.7654982622229
3137,69.7479387679122
3138,69.7303923900294
3139,69.7128591177856
3140,69.6953389404028
3141,69.6778318471129
3142,69.6603378271583
3143,69.642856869792
3144,69.6253889642769
3145,69.6079340998864
3146,69.5904922659044
3147,69.5730634516249
3148,69.5556476463521
3149,69.5382448394007
3150,69.5208550200955
3151,69.5034781777716
3152,69.4861143017743
3153,69.4687633814591
3154,69.4514254061918
3155,69.4341003653485
3156,69.416788248315
3157,69.3994890444879
3158,69.3822027432735
3159,69.3649293340886
3160,69.3476688063598
3161,69.330421149524
3162,69.3131863530282
3163,69.2959644063296
3164,69.2787552988953
3165,69.2615590202026
3166,69.2443755597387
3167,69.2272049070012
3168,69.2100470514974
3169,69.1929019827448
3170,69.1757696902708
3171,69.1586501636131
3172,69.1415433923189
3173,69.1244493659458
3174,69.1073680740613
3175,69.0902995062427
3176,69.0732436520773
3177,69.0562005011626
3178,69.0391700431056
3179,69.0221522675234
3180,69.0051471640433
3181,68.9881547223019
3182,68.9711749319461
3183,68.9542077826326
3184,68.937253264028
3185,68.9203113658084
3186,68.9033820776602
3187,68.8864653892793
3188,68.8695612903716
3189,68.8526697706527
3190,68.835790819848
3191,68.8189244276927
3192,68.8020705839317
3193,68.7852292783197
3194,68.7684005006212
3195,68.7515842406103
3196,68.7347804880709
3197,68.7179892327966
3198,68.7012104645908
3199,68.6844441732663
3200,68.6676903486458
3201,68.6509489805617
3202,68.6342200588558
3203,68.6175035733798
3204,68.600799513995
3205,68.5841078705722
3206,68.5674286329917
3207,68.5507617911437
3208,68.5341073349277
3209,68.517465254253
3210,68.5008355390384
3211,68.4842181792121
3212,68.467613164712
3213,68.4510204854855
3214,68.4344401314895
3215,68.4178720926903
3216,68.4013163590639
3217,68.3847729205956
3218,68.3682417672803
3219,68.3517228891224
3220,68.3352162761354
3221,68.3187219183428
3222,68.302239805777
3223,68.2857699284802
3224,68.2693122765038
3225,68.2528668399086
3226,68.236433608765
3227,68.2200125731524
3228,68.20360372316
3229,68.1872070488859
3230,68.1708225404379
3231,68.154450187933
3232,68.1380899814976
3233,68.1217419112671
3234,68.1054059673867
3235,68.0890821400104
3236,68.0727704193018
3237,68.0564707954337
3238,68.0401832585881
3239,68.0239077989561
3240,68.0076444067384
3241,67.9913930721447
3242,67.9751537853938
3243,67.9589265367139
3244,67.9427113163425
3245,67.9265081145259
3246,67.9103169215198
3247,67.8941377275892
3248,67.877970523008
3249,67.8618152980594
3250,67.8456720430355
3251,67.8295407482378
3252,67.8134214039769
3253,67.7973140005722
3254,67.7812185283524
3255,67.7651349776553
3256,67.7490633388277
3257,67.7330036022256
3258,67.7169557582137
3259,67.7009197971661
3260,67.6848957094658
3261,67.6688834855046
3262,67.6528831156838
3263,67.6368945904131
3264,67.6209179001117
3265,67.6049530352074
3266,67.5889999861373
3267,67.573058743347
3268,67.5571292972915
3269,67.5412116384345
3270,67.5253057572486
3271,67.5094116442155
3272,67.4935292898256
3273,67.4776586845782
3274,67.4617998189817
3275,67.4459526835531
3276,67.4301172688184
3277,67.4142935653124
3278,67.398481563579
3279,67.3826812541704
3280,67.3668926276482
3281,67.3511156745823
3282,67.3353503855517
3283,67.3195967511443
3284,67.3038547619564
3285,67.2881244085933
3286,67.2724056816692
3287,67.2566985718067
3288,67.2410030696374
3289,67.2253191658016
3290,67.2096468509483
3291,67.1939861157352
3292,67.1783369508286
3293,67.1626993469036
3294,67.147073294644
3295,67.1314587847423
3296,67.1158558078996
3297,67.1002643548256
3298,67.0846844162386
3299,67.0691159828659
3300,67.0535590454429
3301,67.0380135947139
3302,67.0224796214319
3303,67.0069571163583
3304,66.991446070263
3305,66.9759464739248
3306,66.9604583181309
3307,66.9449815936769
3308,66.9295162913671
3309,66.9140624020145
3310,66.8986199164402
3311,66.8831888254741
3312,66.8677691199547
3313,66.8523607907288
3314,66.8369638286517
3315,66.8215782245872
3316,66.8062039694077
3317,66.7908410539939
3318,66.775489469235
3319,66.7601492060286
3320,66.7448202552809
3321,66.7295026079062
3322,66.7141962548275
3323,66.6989011869761
3324,66.6836173952917
3325,66.6683448707224
3326,66.6530836042245
3327,66.6378335867631
3328,66.6225948093111
3329,66.6073672628501
3330,66.5921509383699
3331,66.5769458268688
3332,66.5617519193531
3333,66.5465692068378
3334,66.5313976803459
3335,66.5162373309087
3336,66.501088149566
3337,66.4859501273657
3338,66.4708232553639
3339,66.4557075246252
3340,66.4406029262221
3341,66.4255094512357
3342,66.410427090755
3343,66.3953558358775
3344,66.3802956777086
3345,66.3652466073622
3346,66.3502086159601
3347,66.3351816946326
3348,66.3201658345179
3349,66.3051610267624
3350,66.2901672625208
3351,66.2751845329557
3352,66.2602128292382
3353,66.2452521425471
3354,66.2303024640697
3355,66.2153637850011
3356,66.2004360965446
3357,66.1855193899116
3358,66.1706136563217
3359,66.1557188870023
3360,66.140835073189
3361,66.1259622061256
3362,66.1111002770637
3363,66.0962492772631
3364,66.0814091979915
3365,66.0665800305247
3366,66.0517617661465
3367,66.0369543961486
3368,66.0221579118308
3369,66.007372304501
3370,65.9925975654746
3371,65.9778336860755
3372,65.9630806576354
3373,65.9483384714936
3374,65.9336071189979
3375,65.9188865915035
3376,65.9041768803739
3377,65.8894779769803
3378,65.8747898727019
3379,65.8601125589257
3380,65.8454460270467
3381,65.8307902684677
3382,65.8161452745994
3383,65.8015110368602
3384,65.7868875466766
3385,65.7722747954828
3386,65.7576727747208
3387,65.7430814758405
3388,65.7285008902996
3389,65.7139310095636
3390,65.6993718251057
3391,65.684823328407
3392,65.6702855109565
3393,65.6557583642506
3394,65.6412418797938
3395,65.6267360490982
3396,65.6122408636837
3397,65.5977563150778
3398,65.583282394816
3399,65.5688190944413
3400,65.5543664055045
3401,65.539924319564
3402,65.5254928281859
3403,65.5110719229442
3404,65.4966615954203
3405,65.4822618372035
3406,65.4678726398906
3407,65.453493995086
3408,65.439125894402
3409,65.4247683294583
3410,65.4104212918822
3411,65.3960847733089
3412,65.381758765381
3413,65.3674432597487
3414,65.3531382480697
3415,65.3388437220095
3416,65.3245596732411
3417,65.3102860934451
3418,65.2960229743094
3419,65.2817703075299
3420,65.2675280848096
3421,65.2532962978593
3422,65.2390749383973
3423,65.2248639981493
3424,65.2106634688486
3425,65.1964733422359
3426,65.1822936100597
3427,65.1681242640756
3428,65.1539652960469
3429,65.1398166977443
3430,65.1256784609458
3431,65.1115505774372
3432,65.0974330390115
3433,65.0833258374693
3434,65.0692289646183
3435,65.0551424122739
3436,65.041066172259
3437,65.0270002364036
3438,65.0129445965453
3439,64.9988992445291
3440,64.9848641722072
3441,64.9708393714394
3442,64.9568248340926
3443,64.9428205520414
3444,64.9288265171674
3445,64.9148427213597
3446,64.9008691565147
3447,64.8869058145361
3448,64.8729526873352
3449,64.8590097668301
3450,64.8450770449465
3451,64.8311545136175
3452,64.8172421647832
3453,64.8033399903911
3454,64.789447982396
3455,64.7755661327599
3456,64.7616944334522
3457,64.7478328764493
3458,64.7339814537351
3459,64.7201401573004
3460,64.7063089791435
3461,64.6924879112699
3462,64.6786769456921
3463,64.66487607443
3464,64.6510852895106
3465,64.6373045829681
3466,64.6235339468437
3467,64.6097733731862
3468,64.5960228540511
3469,64.5822823815012
3470,64.5685519476066
3471,64.5548315444444
3472,64.5411211640988
3473,64.5274207986611
3474,64.5137304402298
3475,64.5000500809106
3476,64.4863797128159
3477,64.4727193280656
3478,64.4590689187866
3479,64.4454284771127
3480,64.4317979951849
3481,64.4181774651511
3482,64.4045668791666
3483,64.3909662293934
3484,64.3773755080007
3485,64.3637947071646
3486,64.3502238190683
3487,64.336662835902
3488,64.323111749863
3489,64.3095705531554
3490,64.2960392379905
3491,64.2825177965864
3492,64.2690062211682
3493,64.2555045039682
3494,64.2420126372253
3495,64.2285306131857
3496,64.2150584241022
3497,64.2015960622347
3498,64.1881435198502
3499,64.1747007892224
3500,64.1612678626319
3501,64.1478447323663
3502,64.1344313907201
3503,64.1210278299947
3504,64.1076340424983
3505,64.094250020546
3506,64.0808757564599
3507,64.0675112425687
3508,64.0541564712083
3509,64.0408114347212
3510,64.0274761254568
3511,64.0141505357713
3512,64.0008346580278
3513,63.9875284845962
3514,63.9742320078532
3515,63.9609452201822
3516,63.9476681139735
3517,63.9344006816243
3518,63.9211429155383
3519,63.9078948081262
3520,63.8946563518055
3521,63.8814275390003
3522,63.8682083621414
3523,63.8549988136667
3524,63.8417988860203
3525,63.8286085716536
3526,63.8154278630243
3527,63.802256752597
3528,63.789095232843
3529,63.7759432962402
3530,63.7628009352734
3531,63.7496681424339
3532,63.7365449102198
3533,63.7234312311357
3534,63.7103270976932
3535,63.6972325024101
3536,63.6841474378112
3537,63.6710718964279
3538,63.658005870798
3539,63.6449493534664
3540,63.6319023369841
3541,63.618864813909
3542,63.6058367768056
3543,63.592818218245
3544,63.5798091308048
3545,63.5668095070693
3546,63.5538193396293
3547,63.5408386210822
3548,63.527867344032
3549,63.5149055010892
3550,63.5019530848709
3551,63.4890100880008
3552,63.4760765031091
3553,63.4631523228323
3554,63.4502375398139
3555,63.4373321467036
3556,63.4244361361575
3557,63.4115495008385
3558,63.3986722334159
3559,63.3858043265654
3560,63.3729457729693
3561,63.3600965653163
3562,63.3472566963015
3563,63.3344261586268
3564,63.3216049450001
3565,63.3087930481361
3566,63.2959904607557
3567,63.2831971755865
3568,63.2704131853623
3569,63.2576384828234
3570,63.2448730607165
3571,63.2321169117948
3572,63.2193700288178
3573,63.2066324045514
3574,63.193904031768
3575,63.1811849032462
3576,63.1684750117712
3577,63.1557743501343
3578,63.1430829111334
3579,63.1304006875727
3580,63.1177276722627
3581,63.1050638580201
3582,63.0924092376683
3583,63.0797638040367
3584,63.0671275499612
3585,63.0545004682839
3586,63.0418825518534
3587,63.0292737935243
3588,63.0166741861578
3589,63.0040837226213
3590,62.9915023957882
3591,62.9789301985387
3592,62.9663671237588
3593,62.953813164341
3594,62.941268313184
3595,62.9287325631928
3596,62.9162059072785
3597,62.9036883383586
3598,62.8911798493567
3599,62.8786804332028
3600,62.8661900828329
3601,62.8537087911894
3602,62.8412365512207
3603,62.8287733558817
3604,62.816319198133
3605,62.803874070942
3606,62.7914379672818
3607,62.7790108801319
3608,62.7665928024779
3609,62.7541837273116
3610,62.7417836476308
3611,62.7293925564396
3612,62.7170104467482
3613,62.704637311573
3614,62.6922731439363
3615,62.6799179368669
3616,62.6675716833993
3617,62.6552343765745
3618,62.6429060094392
3619,62.6305865750464
3620,62.6182760664553
3621,62.6059744767311
3622,62.5936817989449
3623,62.581398026174
3624,62.5691231515019
3625,62.5568571680179
3626,62.5446000688176
3627,62.5323518470024
3628,62.5201124956799
3629,62.5078820079638
3630,62.4956603769735
3631,62.4834475958348
3632,62.4712436576792
3633,62.4590485556445
3634,62.4468622828743
3635,62.4346848325182
3636,62.4225161977319
3637,62.4103563716769
3638,62.3982053475208
3639,62.3860631184373
3640,62.3739296776058
3641,62.3618050182118
3642,62.3496891334467
3643,62.3375820165079
3644,62.3254836605987
3645,62.3133940589283
3646,62.301313204712
3647,62.2892410911707
3648,62.2771777115314
3649,62.2651230590271
3650,62.2530771268966
3651,62.2410399083845
3652,62.2290113967414
3653,62.2169915852239
3654,62.2049804670942
3655,62.1929780356206
3656,62.1809842840772
3657,62.1689992057438
3658,62.1570227939063
3659,62.1450550418563
3660,62.1330959428913
3661,62.1211454903146
3662,62.1092036774353
3663,62.0972704975684
3664,62.0853459440346
3665,62.0734300101606
3666,62.0615226892787
3667,62.0496239747271
3668,62.0377338598498
3669,62.0258523379965
3670,62.0139794025228
3671,62.00211504679
3672,61.9902592641652
3673,61.9784120480212
3674,61.9665733917367
3675,61.954743288696
3676,61.9429217322891
3677,61.931108715912
3678,61.9193042329661
3679,61.9075082768588
3680,61.8957208410031
3681,61.8839419188178
3682,61.8721715037272
3683,61.8604095891615
3684,61.8486561685565
3685,61.8369112353539
3686,61.8251747830006
3687,61.8134468049498
3688,61.8017272946599
3689,61.7900162455953
3690,61.7783136512256
3691,61.7666195050267
3692,61.7549338004795
3693,61.743256531071
3694,61.7315876902937
3695,61.7199272716456
3696,61.7082752686307
3697,61.6966316747581
3698,61.6849964835429
3699,61.6733696885058
3700,61.6617512831727
3701,61.6501412610757
3702,61.6385396157521
3703,61.6269463407448
3704,61.6153614296024
3705,61.6037848758791
3706,61.5922166731344
3707,61.5806568149338
3708,61.5691052948481
3709,61.5575621064535
3710,61.5460272433321
3711,61.5345006990713
3712,61.5229824672641
3713,61.5114725415091
3714,61.4999709154102
3715,61.4884775825772
3716,61.476992536625
3717,61.4655157711743
3718,61.4540472798511
3719,61.4425870562872
3720,61.4311350941194
3721,61.4196913869905
3722,61.4082559285484
3723,61.3968287124467
3724,61.3854097323444
3725,61.3739989819059
3726,61.3625964548012
3727,61.3512021447056
3728,61.3398160452999
3729,61.3284381502704
3730,61.3170684533087
3731,61.305706948112
3732,61.2943536283829
3733,61.2830084878291
3734,61.2716715201643
3735,61.260342719107
3736,61.2490220783816
3737,61.2377095917175
3738,61.2264052528498
3739,61.2151090555188
3740,61.2038209934702
3741,61.1925410604551
3742,61.18126925023
3743,61.1700055565568
3744,61.1587499732026
3745,61.14750249394
3746,61.1362631125469
3747,61.1250318228065
3748,61.1138086185074
3749,61.1025934934435
3750,61.0913864414141
3751,61.0801874562237
3752,61.0689965316821
3753,61.0578136616045
3754,61.0466388398115
3755,61.0354720601288
3756,61.0243133163875
3757,61.0131626024238
3758,61.0020199120796
3759,60.9908852392017
3760,60.9797585776423
3761,60.9686399212587
3762,60.9575292639139
3763,60.9464265994757
3764,60.9353319218174
3765,60.9242452248175
3766,60.9131665023596
3767,60.9020957483327
3768,60.891032956631
3769,60.8799781211538
3770,60.8689312358059
3771,60.857892294497
3772,60.8468612911423
3773,60.8358382196618
3774,60.8248230739811
3775,60.8138158480309
3776,60.8028165357468
3777,60.79182513107
3778,60.7808416279466
3779,60.769866020328
3780,60.7588983021707
3781,60.7479384674363
3782,60.7369865100918
3783,60.7260424241091
3784,60.7151062034653
3785,60.7041778421428
3786,60.6932573341289
3787,60.6823446734161
3788,60.6714398540022
3789,60.66054286989
3790,60.6496537150873
3791,60.6387723836071
3792,60.6278988694676
3793,60.617033166692
3794,60.6061752693085
3795,60.5953251713506
3796,60.5844828668568
3797,60.5736483498707
3798,60.5628216144408
3799,60.5520026546209
3800,60.5411914644698
3801,60.5303880380513
3802,60.5195923694342
3803,60.5088044526925
3804,60.4980242819051
3805,60.4872518511562
3806,60.4764871545347
3807,60.4657301861347
3808,60.4549809400553
3809,60.4442394104006
3810,60.4335055912798
3811,60.4227794768069
3812,60.4120610611012
3813,60.4013503382867
3814,60.3906473024927
3815,60.3799519478531
3816,60.3692642685072
3817,60.358584258599
3818,60.3479119122776
3819,60.3372472236969
3820,60.3265901870161
3821,60.3159407963989
3822,60.3052990460144
3823,60.2946649300363
3824,60.2840384426436
3825,60.2734195780198
3826,60.2628083303537
3827,60.2522046938389
3828,60.2416086626739
3829,60.231020231062
3830,60.2204393932117
3831,60.2098661433363
3832,60.1993004756538
3833,60.1887423843875
3834,60.1781918637651
3835,60.1676489080197
3836,60.1571135113888
3837,60.1465856681152
3838,60.1360653724462
3839,60.1255526186344
3840,60.1150474009369
3841,60.1045497136157
3842,60.0940595509379
3843,60.0835769071753
3844,60.0731017766043
3845,60.0626341535067
3846,60.0521740321686
3847,60.0417214068812
3848,60.0312762719405
3849,60.0208386216473
3850,60.0104084503072
3851,59.9999857522307
3852,59.989570521733
3853,59.979162753134
3854,59.9687624407587
3855,59.9583695789368
3856,59.9479841620025
3857,59.9376061842951
3858,59.9272356401587
3859,59.9168725239419
3860,59.9065168299984
3861,59.8961685526863
3862,59.8858276863688
3863,59.8754942254137
3864,59.8651681641934
3865,59.8548494970855
3866,59.8445382184718
3867,59.8342343227391
3868,59.8239378042791
3869,59.8136486574879
3870,59.8033668767665
3871,59.7930924565207
3872,59.7828253911608
3873,59.7725656751019
3874,59.7623133027638
3875,59.7520682685711
3876,59.741830566953
3877,59.7316001923434
3878,59.7213771391808
3879,59.7111614019086
3880,59.7009529749746
3881,59.6907518528316
3882,59.6805580299367
3883,59.670371500752
3884,59.6601922597441
3885,59.6500203013841
3886,59.6398556201481
3887,59.6296982105166
3888,59.6195480669748
3889,59.6094051840125
3890,59.5992695561241
3891,59.5891411778088
3892,59.5790200435703
3893,59.5689061479169
3894,59.5587994853615
3895,59.5487000504218
3896,59.5386078376197
3897,59.5285228414821
3898,59.5184450565404
3899,59.5083744773304
3900,59.4983110983928
3901,59.4882549142725
3902,59.4782059195193
3903,59.4681641086875
3904,59.4581294763357
3905,59.4481020170276
3906,59.4380817253308
3907,59.4280685958181
3908,59.4180626230664
3909,59.4080638016572
3910,59.3980721261769
3911,59.3880875912159
3912,59.3781101913695
3913,59.3681399212375
3914,59.358176775424
3915,59.3482207485379
3916,59.3382718351924
3917,59.3283300300053
3918,59.318395327599
3919,59.3084677226002
3920,59.2985472096402
3921,59.2886337833548
3922,59.2787274383844
3923,59.2688281693735
3924,59.2589359709716
3925,59.2490508378323
3926,59.2391727646137
3927,59.2293017459786
3928,59.2194377765941
3929,59.2095808511316
3930,59.1997309642674
3931,59.1898881106817
3932,59.1800522850596
3933,59.1702234820903
3934,59.1604016964678
3935,59.1505869228901
3936,59.14077915606
3937,59.1309783906846
3938,59.1211846214752
3939,59.1113978431479
3940,59.1016180504229
3941,59.091845238025
3942,59.0820794006833
3943,59.0723205331312
3944,59.0625686301068
3945,59.0528236863523
3946,59.0430856966144
3947,59.0333546556441
3948,59.023630558197
3949,59.0139133990328
3950,59.0042031729157
3951,58.9944998746141
3952,58.9848034989012
3953,58.9751140405539
3954,58.9654314943541
3955,58.9557558550877
3956,58.9460871175448
3957,58.9364252765203
3958,58.9267703268129
3959,58.9171222632261
3960,58.9074810805674
3961,58.8978467736488
3962,58.8882193372865
3963,58.8785987663011
3964,58.8689850555176
3965,58.8593781997649
3966,58.8497781938767
3967,58.8401850326907
3968,58.830598711049
3969,58.8210192237979
3970,58.8114465657881
3971,58.8018807318745
3972,58.7923217169162
3973,58.7827695157768
3974,58.7732241233239
3975,58.7636855344296
3976,58.7541537439702
3977,58.744628746826
3978,58.7351105378819
3979,58.7255991120269
3980,58.7160944641542
3981,58.7065965891613
3982,58.69710548195
3983,58.687621137426
3984,58.6781435504998
3985,58.6686727160856
3986,58.659208629102
3987,58.6497512844718
3988,58.6403006771222
3989,58.6308568019844
3990,58.6214196539937
3991,58.6119892280898
3992,58.6025655192166
3993,58.593148522322
3994,58.5837382323583
3995,58.5743346442819
3996,58.5649377530534
3997,58.5555475536374
3998,58.5461640410028
3999,58.5367872101228
4000,58.5274170559746
4001,58.5180535735396
4002,58.5086967578033
4003,58.4993466037554
4004,58.4900031063897
4005,58.4806662607043
4006,58.4713360617012
4007,58.4620125043867
4008,58.4526955837712
4009,58.4433852948692
4010,58.4340816326992
4011,58.4247845922841
4012,58.4154941686508
4013,58.4062103568301
4014,58.3969331518571
4015,58.387662548771
4016,58.3783985426151
4017,58.3691411284368
4018,58.3598903012875
4019,58.3506460562228
4020,58.3414083883022
4021,58.3321772925895
4022,58.3229527641524
4023,58.3137347980629
4024,58.3045233893967
4025,58.295318533234
4026,58.2861202246586
4027,58.2769284587588
4028,58.2677432306266
4029,58.2585645353582
4030,58.2493923680539
4031,58.240226723818
4032,58.2310675977586
4033,58.2219149849883
4034,58.2127688806233
4035,58.203629279784
4036,58.1944961775949
4037,58.1853695691843
4038,58.1762494496847
4039,58.1671358142326
4040,58.1580286579683
4041,58.1489279760364
4042,58.1398337635853
4043,58.1307460157674
4044,58.1216647277391
4045,58.112589894661
4046,58.1035215116973
4047,58.0944595740165
4048,58.0854040767909
4049,58.0763550151968
4050,58.0673123844146
4051,58.0582761796284
4052,58.0492463960265
4053,58.0402230288011
4054,58.0312060731483
4055,58.0221955242681
4056,58.0131913773645
4057,58.0041936276455
4058,57.995202270323
4059,57.9862173006129
4060,57.9772387137347
4061,57.9682665049123
4062,57.9593006693732
4063,57.950341202349
4064,57.9413880990751
4065,57.9324413547907
4066,57.9235009647393
4067,57.9145669241678
4068,57.9056392283275
4069,57.8967178724731
4070,57.8878028518635
4071,57.8788941617615
4072,57.8699917974338
4073,57.8610957541507
4074,57.8522060271867
4075,57.84332261182
4076,57.8344455033326
4077,57.8255746970107
4078,57.8167101881439
4079,57.8078519720261
4080,57.7990000439548
4081,57.7901543992314
4082,57.7813150331612
4083,57.7724819410532
4084,57.7636551182205
4085,57.7548345599797
4086,57.7460202616516
4087,57.7372122185604
4088,57.7284104260345
4089,57.7196148794061
4090,57.710825574011
4091,57.7020425051889
4092,57.6932656682834
4093,57.6844950586419
4094,57.6757306716154
4095,57.6669725025589
4096,57.6582205468312
4097,57.6494747997949
4098,57.6407352568162
4099,57.6320019132653
4100,57.6232747645161
4101,57.6145538059463
4102,57.6058390329374
4103,57.5971304408745
4104,57.5884280251468
4105,57.5797317811468
4106,57.5710417042712
4107,57.5623577899203
4108,57.5536800334982
4109,57.5450084304125
4110,57.5363429760749
4111,57.5276836659006
4112,57.5190304953087
4113,57.5103834597219
4114,57.5017425545668
4115,57.4931077752736
4116,57.4844791172762
4117,57.4758565760122
4118,57.4672401469232
4119,57.4586298254542
4120,57.450025607054
4121,57.4414274871752
4122,57.432835461274
4123,57.4242495248104
4124,57.415669673248
4125,57.4070959020542
4126,57.3985282067
4127,57.38996658266
4128,57.3814110254128
4129,57.3728615304403
4130,57.3643180932285
4131,57.3557807092666
4132,57.3472493740479
4133,57.338724083069
4134,57.3302048318305
4135,57.3216916158364
4136,57.3131844305946
4137,57.3046832716163
4138,57.2961881344167
4139,57.2876990145145
4140,57.279215907432
4141,57.2707388086953
4142,57.262267713834
4143,57.2538026183814
4144,57.2453435178742
4145,57.2368904078531
4146,57.2284432838623
4147,57.2200021414494
4148,57.2115669761659
4149,57.2031377835668
4150,57.1947145592106
4151,57.1862972986596
4152,57.1778859974796
4153,57.1694806512401
4154,57.1610812555139
4155,57.1526878058779
4156,57.144300297912
4157,57.1359187272002
4158,57.1275430893298
4159,57.1191733798917
4160,57.1108095944804
4161,57.1024517286941
4162,57.0940997781344
4163,57.0857537384065
4164,57.0774136051193
4165,57.0690793738851
4166,57.0607510403198
4167,57.0524286000428
4168,57.0441120486772
4169,57.0358013818495
4170,57.0274965951899
4171,57.0191976843319
4172,57.0109046449128
4173,57.0026174725733
4174,56.9943361629576
4175,56.9860607117135
4176,56.9777911144922
4177,56.9695273669486
4178,56.9612694647411
4179,56.9530174035314
4180,56.9447711789849
4181,56.9365307867704
4182,56.9282962225604
4183,56.9200674820308
4184,56.9118445608607
4185,56.9036274547332
4186,56.8954161593346
4187,56.8872106703547
4188,56.8790109834868
4189,56.8708170944278
4190,56.8626289988778
4191,56.8544466925407
4192,56.8462701711237
4193,56.8380994303375
4194,56.8299344658962
4195,56.8217752735175
4196,56.8136218489224
4197,56.8054741878354
4198,56.7973322859847
4199,56.7891961391015
4200,56.7810657429208
4201,56.7729410931809
4202,56.7648221856235
4203,56.756709015994
4204,56.7486015800408
4205,56.7404998735162
4206,56.7324038921755
4207,56.7243136317776
4208,56.716229088085
4209,56.7081502568633
4210,56.7000771338817
4211,56.6920097149129
4212,56.6839479957328
4213,56.6758919721207
4214,56.6678416398595
4215,56.6597969947354
4216,56.6517580325379
4217,56.64372474906
4218,56.6356971400982
4219,56.6276752014521
4220,56.6196589289248
4221,56.611648318323
4222,56.6036433654564
4223,56.5956440661384
4224,56.5876504161857
4225,56.5796624114181
4226,56.5716800476591
4227,56.5637033207354
4228,56.5557322264771
4229,56.5477667607175
4230,56.5398069192937
4231,56.5318526980456
4232,56.5239040928167
4233,56.5159610994539
4234,56.5080237138073
4235,56.5000919317305
4236,56.4921657490804
4237,56.4842451617169
4238,56.4763301655037
4239,56.4684207563076
4240,56.4605169299988
4241,56.4526186824506
4242,56.4447260095399
4243,56.4368389071468
4244,56.4289573711545
4245,56.4210813974499
4246,56.413210981923
4247,56.4053461204671
4248,56.3974868089787
4249,56.3896330433577
4250,56.3817848195075
4251,56.3739421333343
4252,56.366104980748
4253,56.3582733576617
4254,56.3504472599916
4255,56.3426266836573
4256,56.3348116245817
4257,56.327002078691
4258,56.3191980419145
4259,56.311399510185
4260,56.3036064794383
4261,56.2958189456136
4262,56.2880369046534
4263,56.2802603525033
4264,56.2724892851124
4265,56.2647236984328
4266,56.2569635884199
4267,56.2492089510324
4268,56.2414597822321
4269,56.2337160779844
4270,56.2259778342575
4271,56.218245047023
4272,56.2105177122558
4273,56.2027958259339
4274,56.1950793840385
4275,56.1873683825543
4276,56.1796628174687
4277,56.1719626847729
4278,56.1642679804608
4279,56.1565787005298
4280,56.1488948409805
4281,56.1412163978165
4282,56.1335433670448
4283,56.1258757446754
4284,56.1182135267217
4285,56.1105567092002
4286,56.1029052881305
4287,56.0952592595355
4288,56.0876186194412
4289,56.0799833638769
4290,56.0723534888748
4291,56.0647289904706
4292,56.057109864703
4293,56.0494961076138
4294,56.0418877152481
4295,56.0342846836541
4296,56.0266870088831
4297,56.0190946869897
4298,56.0115077140316
4299,56.0039260860694
4300,55.9963497991672
4301,55.9887788493921
4302,55.9812132328142
4303,55.973652945507
4304,55.9660979835469
4305,55.9585483430135
4306,55.9510040199897
4307,55.9434650105613
4308,55.9359313108173
4309,55.9284029168498
4310,55.920879824754
4311,55.9133620306283
4312,55.9058495305741
4313,55.898342320696
4314,55.8908403971017
4315,55.8833437559019
4316,55.8758523932105
4317,55.8683663051444
4318,55.8608854878237
4319,55.8534099373716
4320,55.8459396499143
4321,55.838474621581
4322,55.8310148485042
4323,55.8235603268193
4324,55.8161110526651
4325,55.8086670221829
4326,55.8012282315175
4327,55.7937946768168
4328,55.7863663542315
4329,55.7789432599155
4330,55.7715253900258
4331,55.7641127407224
4332,55.7567053081683
4333,55.7493030885297
4334,55.7419060779757
4335,55.7345142726786
4336,55.7271276688135
4337,55.7197462625587
4338,55.7123700500957
4339,55.7049990276087
4340,55.6976331912852
4341,55.6902725373156
4342,55.6829170618933
4343,55.6755667612148
4344,55.6682216314796
4345,55.6608816688903
4346,55.6535468696522
4347,55.6462172299741
4348,55.6388927460674
4349,55.6315734141467
4350,55.6242592304296
4351,55.6169501911366
4352,55.6096462924913
4353,55.6023475307203
4354,55.5950539020531
4355,55.5877654027223
4356,55.5804820289634
4357,55.5732037770149
4358,55.5659306431183
4359,55.5586626235183
4360,55.551399714462
4361,55.5441419122002
4362,55.5368892129861
4363,55.5296416130761
4364,55.5223991087296
4365,55.5151616962088
4366,55.5079293717792
4367,55.5007021317089
4368,55.493479972269
4369,55.4862628897338
4370,55.4790508803804
4371,55.4718439404887
4372,55.4646420663418
4373,55.4574452542256
4374,55.450253500429
4375,55.4430668012438
4376,55.4358851529647
4377,55.4287085518895
4378,55.4215369943187
4379,55.4143704765559
4380,55.4072089949075
4381,55.400052545683
4382,55.3929011251946
4383,55.3857547297576
4384,55.37861335569
4385,55.3714769993131
4386,55.3643456569506
4387,55.3572193249295
4388,55.3500979995795
4389,55.3429816772333
4390,55.3358703542265
4391,55.3287640268975
4392,55.3216626915877
4393,55.3145663446414
4394,55.3074749824056
4395,55.3003886012305
4396,55.2933071974688
4397,55.2862307674765
4398,55.2791593076121
4399,55.2720928142372
4400,55.2650312837163
4401,55.2579747124165
4402,55.2509230967081
4403,55.2438764329641
4404,55.2368347175603
4405,55.2297979468755
4406,55.2227661172913
4407,55.2157392251921
4408,55.2087172669653
4409,55.201700239001
4410,55.1946881376922
4411,55.1876809594347
4412,55.1806787006273
4413,55.1736813576715
4414,55.1666889269715
4415,55.1597014049347
4416,55.1527187879711
4417,55.1457410724935
4418,55.1387682549176
4419,55.131800331662
4420,55.1248372991479
4421,55.1178791537995
4422,55.1109258920439
4423,55.1039775103108
4424,55.0970340050327
4425,55.0900953726451
4426,55.0831616095863
4427,55.0762327122972
4428,55.0693086772216
4429,55.0623895008063
4430,55.0554751795005
4431,55.0485657097565
4432,55.0416610880294
4433,55.0347613107769
4434,55.0278663744596
4435,55.0209762755409
4436,55.0140910104869
4437,55.0072105757666
4438,55.0003349678516
4439,54.9934641832165
4440,54.9865982183384
4441,54.9797370696975
4442,54.9728807337765
4443,54.966029207061
4444,54.9591824860393
4445,54.9523405672024
4446,54.9455034470442
4447,54.9386711220614
4448,54.9318435887532
4449,54.9250208436218
4450,54.9182028831719
4451,54.9113897039112
4452,54.90458130235
4453,54.8977776750014
4454,54.8909788183811
4455,54.8841847290078
4456,54.8773954034027
4457,54.8706108380898
4458,54.8638310295959
4459,54.8570559744504
4460,54.8502856691855
4461,54.8435201103362
4462,54.83675929444
4463,54.8300032180372
4464,54.8232518776711
4465,54.8165052698872
4466,54.8097633912342
4467,54.8030262382632
4468,54.796293807528
4469,54.7895660955853
4470,54.7828430989944
4471,54.7761248143173
4472,54.7694112381186
4473,54.7627023669656
4474,54.7559981974286
4475,54.7492987260802
4476,54.7426039494959
4477,54.7359138642538
4478,54.7292284669347
4479,54.7225477541221
4480,54.7158717224021
4481,54.7092003683637
4482,54.7025336885982
4483,54.6958716796998
4484,54.6892143382654
4485,54.6825616608945
4486,54.6759136441893
4487,54.6692702847545
4488,54.6626315791978
4489,54.655997524129
4490,54.6493681161612
4491,54.6427433519097
4492,54.6361232279926
4493,54.6295077410306
4494,54.6228968876472
4495,54.6162906644682
4496,54.6096890681225
4497,54.6030920952412
4498,54.5964997424582
4499,54.5899120064102
4500,54.5833288837363
4501,54.5767503710784
4502,54.5701764650809
4503,54.5636071623907
4504,54.5570424596577
4505,54.5504823535341
4506,54.5439268406747
4507,54.5373759177372
4508,54.5308295813817
4509,54.5242878282709
4510,54.5177506550701
4511,54.5112180584474
4512,54.5046900350732
4513,54.4981665816207
4514,54.4916476947657
4515,54.4851333711865
4516,54.478623607564
4517,54.4721184005818
4518,54.4656177469261
4519,54.4591216432854
4520,54.4526300863511
4521,54.446143072817
4522,54.4396605993796
4523,54.4331826627379
4524,54.4267092595936
4525,54.4202403866507
4526,54.413776040616
4527,54.4073162181988
4528,54.400860916111
4529,54.3944101310669
4530,54.3879638597837
4531,54.3815220989809
4532,54.3750848453806
4533,54.3686520957074
4534,54.3622238466885
4535,54.3558000950537
4536,54.3493808375354
4537,54.3429660708684
4538,54.33655579179
4539,54.3301499970403
4540,54.3237486833617
4541,54.3173518474991
4542,54.3109594862003
4543,54.3045715962152
4544,54.2981881742965
4545,54.2918092171993
4546,54.2854347216813
4547,54.2790646845027
4548,54.272699102426
4549,54.2663379722167
4550,54.2599812906424
4551,54.2536290544734
4552,54.2472812604825
4553,54.2409379054449
4554,54.2345989861385
4555,54.2282644993435
4556,54.2219344418427
4557,54.2156088104214
4558,54.2092876018675
4559,54.2029708129711
4560,54.1966584405251
4561,54.1903504813249
4562,54.184046932168
4563,54.1777477898549
4564,54.1714530511882
4565,54.1651627129733
4566,54.1588767720177
4567,54.1525952251316
4568,54.1463180691279
4569,54.1400453008215
4570,54.1337769170301
4571,54.1275129145738
4572,54.1212532902751
4573,54.1149980409592
4574,54.1087471634533
4575,54.1025006545876
4576,54.0962585111943
4577,54.0900207301084
4578,54.0837873081672
4579,54.0775582422106
4580,54.0713335290806
4581,54.0651131656219
4582,54.0588971486818
4583,54.0526854751097
4584,54.0464781417577
4585,54.0402751454802
4586,54.0340764831341
4587,54.0278821515788
4588,54.0216921476759
4589,54.0155064682898
4590,54.009325110287
4591,54.0031480705366
4592,53.9969753459101
4593,53.9908069332813
4594,53.9846428295266
4595,53.9784830315248
4596,53.9723275361569
4597,53.9661763403067
4598,53.96002944086
4599,53.9538868347053
4600,53.9477485187334
4601,53.9416144898375
4602,53.9354847449133
4603,53.9293592808587
4604,53.9232380945742
4605,53.9171211829627
4606,53.9110085429293
4607,53.9049001713817
4608,53.8987960652299
4609,53.8926962213863
4610,53.8866006367657
4611,53.8805093082852
4612,53.8744222328646
4613,53.8683394074255
4614,53.8622608288925
4615,53.8561864941923
4616,53.8501164002538
4617,53.8440505440086
4618,53.8379889223904
4619,53.8319315323355
4620,53.8258783707826
4621,53.8198294346723
4622,53.8137847209482
4623,53.8077442265558
4624,53.8017079484432
4625,53.7956758835606
4626,53.789648028861
4627,53.7836243812993
4628,53.777604937833
4629,53.7715896954219
4630,53.7655786510281
4631,53.7595718016161
4632,53.7535691441527
4633,53.7475706756071
4634,53.7415763929507
4635,53.7355862931576
4636,53.7296003732037
4637,53.7236186300676
4638,53.7176410607302
4639,53.7116676621747
4640,53.7056984313865
4641,53.6997333653535
4642,53.6937724610658
4643,53.6878157155159
4644,53.6818631256986
4645,53.675914688611
4646,53.6699704012525
4647,53.6640302606249
4648,53.6580942637322
4649,53.6521624075807
4650,53.6462346891792
4651,53.6403111055386
4652,53.6343916536723
4653,53.6284763305956
4654,53.6225651333266
4655,53.6166580588855
4656,53.6107551042946
4657,53.6048562665788
4658,53.5989615427652
4659,53.593070929883
4660,53.5871844249639
4661,53.5813020250419
4662,53.575423727153
4663,53.5695495283359
4664,53.5636794256312
4665,53.5578134160821
4666,53.5519514967338
4667,53.546093664634
4668,53.5402399168325
4669,53.5343902503814
4670,53.5285446623352
4671,53.5227031497505
4672,53.5168657096863
4673,53.5110323392037
4674,53.5052030353663
4675,53.4993777952398
4676,53.493556615892
4677,53.4877394943933
4678,53.4819264278161
4679,53.4761174132352
4680,53.4703124477276
4681,53.4645115283724
4682,53.4587146522512
4683,53.4529218164477
4684,53.4471330180477
4685,53.4413482541397
4686,53.4355675218139
4687,53.429790818163
4688,53.424018140282
4689,53.4182494852681
4690,53.4124848502204
4691,53.4067242322408
4692,53.4009676284329
4693,53.3952150359028
4694,53.3894664517588
4695,53.3837218731114
4696,53.3779812970732
4697,53.3722447207593
4698,53.3665121412867
4699,53.3607835557748
4700,53.3550589613452
4701,53.3493383551215
4702,53.3436217342299
4703,53.3379090957985
4704,53.3322004369577
4705,53.32649575484
4706,53.3207950465803
4707,53.3150983093155
4708,53.3094055401848
4709,53.3037167363296
4710,53.2980318948934
4711,53.2923510130221
4712,53.2866740878635
4713,53.2810011165678
4714,53.2753320962873
4715,53.2696670241766
4716,53.2640058973922
4717,53.258348713093
4718,53.2526954684402
4719,53.2470461605968
4720,53.2414007867283
4721,53.2357593440022
4722,53.2301218295883
4723,53.2244882406584
4724,53.2188585743866
4725,53.2132328279492
4726,53.2076109985245
4727,53.2019930832931
4728,53.1963790794376
4729,53.190768984143
4730,53.1851627945962
4731,53.1795605079865
4732,53.1739621215052
4733,53.1683676323456
4734,53.1627770377035
4735,53.1571903347766
4736,53.1516075207649
4737,53.1460285928703
4738,53.140453548297
4739,53.1348823842515
4740,53.1293150979421
4741,53.1237516865796
4742,53.1181921473765
4743,53.1126364775478
4744,53.1070846743104
4745,53.1015367348836
4746,53.0959926564885
4747,53.0904524363486
4748,53.0849160716893
4749,53.0793835597382
4750,53.0738548977251
4751,53.0683300828819
4752,53.0628091124425
4753,53.0572919836429
4754,53.0517786937215
4755,53.0462692399184
4756,53.0407636194761
4757,53.0352618296392
4758,53.0297638676542
4759,53.0242697307698
4760,53.018779416237
4761,53.0132929213086
4762,53.0078102432396
4763,53.0023313792872
4764,52.9968563267105
4765,52.991385082771
4766,52.9859176447319
4767,52.9804540098588
4768,52.9749941754192
4769,52.9695381386828
4770,52.9640858969213
4771,52.9586374474085
4772,52.9531927874204
4773,52.947751914235
4774,52.9423148251321
4775,52.9368815173941
4776,52.9314519883051
4777,52.9260262351514
4778,52.9206042552213
4779,52.9151860458052
4780,52.9097716041956
4781,52.904360927687
4782,52.8989540135761
4783,52.8935508591615
4784,52.8881514617438
4785,52.882755818626
4786,52.8773639271128
4787,52.8719757845111
4788,52.8665913881298
4789,52.8612107352799
4790,52.8558338232746
4791,52.8504606494287
4792,52.8450912110596
4793,52.8397255054863
4794,52.83436353003
4795,52.8290052820141
4796,52.8236507587637
4797,52.8182999576063
4798,52.8129528758711
4799,52.8076095108896
4800,52.8022698599952
4801,52.7969339205233
4802,52.7916016898115
4803,52.7862731651992
4804,52.7809483440279
4805,52.7756272236413
4806,52.7703098013849
4807,52.7649960746062
4808,52.759686040655
4809,52.7543796968827
4810,52.7490770406432
4811,52.7437780692919
4812,52.7384827801866
4813,52.7331911706871
4814,52.7279032381548
4815,52.7226189799536
4816,52.717338393449
4817,52.7120614760089
4818,52.7067882250029
4819,52.7015186378026
4820,52.6962527117819
4821,52.6909904443163
4822,52.6857318327835
4823,52.6804768745633
4824,52.6752255670372
4825,52.669977907589
4826,52.6647338936042
4827,52.6594935224705
4828,52.6542567915775
4829,52.6490236983168
4830,52.6437942400819
4831,52.6385684142685
4832,52.633346218274
4833,52.6281276494979
4834,52.6229127053417
4835,52.6177013832088
4836,52.6124936805047
4837,52.6072895946368
4838,52.6020891230144
4839,52.5968922630488
4840,52.5916990121534
4841,52.5865093677432
4842,52.5813233272357
4843,52.57614088805
4844,52.5709620476071
4845,52.5657868033301
4846,52.5606151526441
4847,52.555447092976
4848,52.5502826217549
4849,52.5451217364115
4850,52.5399644343788
4851,52.5348107130915
4852,52.5296605699863
4853,52.5245140025019
4854,52.5193710080788
4855,52.5142315841598
4856,52.5090957281892
4857,52.5039634376134
4858,52.4988347098809
4859,52.4937095424419
4860,52.4885879327486
4861,52.4834698782552
4862,52.4783553764177
4863,52.4732444246942
4864,52.4681370205446
4865,52.4630331614308
4866,52.4579328448165
4867,52.4528360681674
4868,52.4477428289512
4869,52.4426531246373
4870,52.4375669526972
4871,52.4324843106044
4872,52.427405195834
4873,52.4223296058632
4874,52.4172575381712
4875,52.4121889902389
4876,52.4071239595492
4877,52.402062443587
4878,52.397004439839
4879,52.3919499457937
4880,52.3868989589418
4881,52.3818514767755
4882,52.3768074967893
4883,52.3717670164793
4884,52.3667300333436
4885,52.3616965448822
4886,52.356666548597
4887,52.3516400419917
4888,52.346617022572
4889,52.3415974878454
4890,52.3365814353214
4891,52.3315688625113
4892,52.3265597669282
4893,52.3215541460872
4894,52.3165519975053
4895,52.3115533187013
4896,52.3065581071958
4897,52.3015663605114
4898,52.2965780761726
4899,52.2915932517056
4900,52.2866118846387
4901,52.2816339725018
4902,52.2766595128269
4903,52.2716885031478
4904,52.2667209410001
4905,52.2617568239212
4906,52.2567961494505
4907,52.2518389151293
4908,52.2468851185005
4909,52.2419347571092
4910,52.236987828502
4911,52.2320443302276
4912,52.2271042598365
4913,52.222167614881
4914,52.2172343929151
4915,52.2123045914951
4916,52.2073782081787
4917,52.2024552405255
4918,52.1975356860972
4919,52.1926195424572
4920,52.1877068071705
4921,52.1827974778043
4922,52.1778915519275
4923,52.1729890271108
4924,52.1680899009266
4925,52.1631941709495
4926,52.1583018347555
4927,52.1534128899227
4928,52.148527334031
4929,52.1436451646621
4930,52.1387663793995
4931,52.1338909758284
4932,52.1290189515361
4933,52.1241503041114
4934,52.1192850311452
4935,52.1144231302301
4936,52.1095645989604
4937,52.1047094349324
4938,52.0998576357441
4939,52.0950091989952
4940,52.0901641222876
4941,52.0853224032246
4942,52.0804840394114
4943,52.0756490284551
4944,52.0708173679647
4945,52.0659890555506
4946,52.0611640888254
4947,52.0563424654034
4948,52.0515241829005
4949,52.0467092389346
4950,52.0418976311254
4951,52.0370893570942
4952,52.0322844144643
4953,52.0274828008607
4954,52.0226845139101
4955,52.0178895512412
4956,52.0130979104842
4957,52.0083095892714
4958,52.0035245852367
4959,51.9987428960156
4960,51.9939645192458
4961,51.9891894525664
4962,51.9844176936185
4963,51.9796492400448
4964,51.97488408949
4965,51.9701222396004
4966,51.965363688024
4967,51.9606084324108
4968,51.9558564704124
4969,51.9511077996822
4970,51.9463624178754
4971,51.9416203226489
4972,51.9368815116615
4973,51.9321459825734
4974,51.927413733047
4975,51.9226847607462
4976,51.9179590633367
4977,51.913236638486
4978,51.9085174838634
4979,51.9038015971396
4980,51.8990889759876
4981,51.8943796180818
4982,51.8896735210984
4983,51.8849706827152
4984,51.8802711006121
4985,51.8755747724705
4986,51.8708816959735
4987,51.8661918688061
4988,51.8615052886549
4989,51.8568219532083
4990,51.8521418601565
4991,51.8474650071913
4992,51.8427913920062
4993,51.8381210122966
4994,51.8334538657596
4995,51.8287899500939
4996,51.824129263
4997,51.8194718021802
4998,51.8148175653383
4999,51.8101665501802
5000,51.805518754413
5001,51.8008741757461
5002,51.79623281189
5003,51.7915946605576
5004,51.7869597194629
5005,51.7823279863219
5006,51.7776994588523
5007,51.7730741347736
5008,51.7684520118067
5009,51.7638330876746
5010,51.7592173601017
5011,51.7546048268143
5012,51.7499954855402
5013,51.745389334009
5014,51.7407863699522
5015,51.7361865911026
5016,51.7315899951951
5017,51.7269965799661
5018,51.7224063431536
5019,51.7178192824974
5020,51.7132353957392
5021,51.7086546806219
5022,51.7040771348906
5023,51.6995027562917
5024,51.6949315425736
5025,51.6903634914862
5026,51.685798600781
5027,51.6812368682113
5028,51.6766782915323
5029,51.6721228685004
5030,51.667570596874
5031,51.6630214744133
5032,51.6584754988797
5033,51.6539326680369
5034,51.6493929796496
5035,51.6448564314848
5036,51.6403230213106
5037,51.6357927468973
5038,51.6312656060164
5039,51.6267415964415
5040,51.6222207159475
5041,51.6177029623111
5042,51.6131883333107
5043,51.6086768267264
5044,51.6041684403398
5045,51.5996631719343
5046,51.5951610192949
5047,51.5906619802082
5048,51.5861660524626
5049,51.581673233848
5050,51.577183522156
5051,51.57269691518
5052,51.5682134107147
5053,51.5637330065569
5054,51.5592557005047
5055,51.5547814903578
5056,51.5503103739179
5057,51.5458423489881
5058,51.5413774133731
5059,51.5369155648795
5060,51.532456801315
5061,51.5280011204896
5062,51.5235485202146
5063,51.5190989983028
5064,51.5146525525689
5065,51.5102091808291
5066,51.5057688809013
5067,51.5013316506048
5068,51.4968974877609
5069,51.4924663901923
5070,51.4880383557233
5071,51.4836133821799
5072,51.4791914673897
5073,51.4747726091819
5074,51.4703568053874
5075,51.4659440538386
5076,51.4615343523696
5077,51.4571276988161
5078,51.4527240910153
5079,51.4483235268063
5080,51.4439260040295
5081,51.4395315205271
5082,51.4351400741427
5083,51.4307516627219
5084,51.4263662841115
5085,51.42198393616
5086,51.4176046167177
5087,51.4132283236364
5088,51.4088550547693
5089,51.4044848079715
5090,51.4001175810995
5091,51.3957533720115
5092,51.3913921785672
5093,51.3870339986281
5094,51.3826788300569
5095,51.3783266707184
5096,51.3739775184786
5097,51.3696313712052
5098,51.3652882267676
5099,51.3609480830366
5100,51.3566109378847
5101,51.352276789186
5102,51.347945634816
5103,51.3436174726521
5104,51.339292300573
5105,51.3349701164592
5106,51.3306509181926
5107,51.3263347036567
5108,51.3220214707366
5109,51.3177112173191
5110,51.3134039412923
5111,51.3090996405461
5112,51.3047983129719
5113,51.3004999564627
5114,51.296204568913
5115,51.291912148219
5116,51.2876226922781
5117,51.2833361989899
5118,51.2790526662549
5119,51.2747720919756
5120,51.2704944740559
5121,51.2662198104011
5122,51.2619480989185
5123,51.2576793375165
5124,51.2534135241053
5125,51.2491506565966
5126,51.2448907329036
5127,51.2406337509411
5128,51.2363797086255
5129,51.2321286038746
5130,51.227880434608
5131,51.2236351987465
5132,51.2193928942128
5133,51.2151535189308
5134,51.2109170708263
5135,51.2066835478263
5136,51.2024529478596
5137,51.1982252688564
5138,51.1940005087485
5139,51.1897786654691
5140,51.1855597369532
5141,51.1813437211371
5142,51.1771306159587
5143,51.1729204193575
5144,51.1687131292744
5145,51.1645087436518
5146,51.160307260434
5147,51.1561086775663
5148,51.1519129929959
5149,51.1477202046714
5150,51.1435303105429
5151,51.139343308562
5152,51.1351591966819
5153,51.1309779728574
5154,51.1267996350444
5155,51.1226241812009
5156,51.1184516092861
5157,51.1142819172606
5158,51.1101151030867
5159,51.1059511647283
5160,51.1017901001505
5161,51.0976319073202
5162,51.0934765842057
5163,51.0893241287768
5164,51.0851745390047
5165,51.0810278128623
5166,51.0768839483239
5167,51.0727429433654
5168,51.0686047959639
5169,51.0644695040984
5170,51.0603370657491
5171,51.056207478898
5172,51.0520807415282
5173,51.0479568516246
5174,51.0438358071734
5175,51.0397176061625
5176,51.0356022465812
5177,51.0314897264201
5178,51.0273800436715
5179,51.0232731963293
5180,51.0191691823886
5181,51.0150679998461
5182,51.0109696467001
5183,51.0068741209501
5184,51.0027814205974
5185,50.9986915436446
5186,50.9946044880958
5187,50.9905202519567
5188,50.9864388332342
5189,50.982360229937
5190,50.9782844400751
5191,50.9742114616599
5192,50.9701412927044
5193,50.9660739312231
5194,50.9620093752318
5195,50.957947622748
5196,50.9538886717905
5197,50.9498325203795
5198,50.9457791665369
5199,50.9417286082859
5200,50.9376808436512
5201,50.933635870659
5202,50.9295936873368
5203,50.9255542917138
5204,50.9215176818205
5205,50.9174838556888
5206,50.9134528113523
5207,50.9094245468457
5208,50.9053990602056
5209,50.9013763494697
5210,50.8973564126773
5211,50.8933392478689
5212,50.8893248530869
5213,50.8853132263748
5214,50.8813043657776
5215,50.8772982693419
5216,50.8732949351156
5217,50.869294361148
5218,50.86529654549
5219,50.8613014861938
5220,50.8573091813132
5221,50.8533196289033
5222,50.8493328270206
5223,50.8453487737232
5224,50.8413674670705
5225,50.8373889051234
5226,50.8334130859442
5227,50.8294400075967
5228,50.825469668146
5229,50.8215020656586
5230,50.8175371982027
5231,50.8135750638477
5232,50.8096156606644
5233,50.8056589867252
5234,50.8017050401039
5235,50.7977538188754
5236,50.7938053211165
5237,50.7898595449051
5238,50.7859164883206
5239,50.7819761494438
5240,50.778038526357
5241,50.7741036171439
5242,50.7701714198894
5243,50.7662419326801
5244,50.7623151536039
5245,50.75839108075
5246,50.7544697122092
5247,50.7505510460737
5248,50.7466350804369
5249,50.7427218133938
5250,50.7388112430407
5251,50.7349033674754
5252,50.730998184797
5253,50.727095693106
5254,50.7231958905045
5255,50.7192987750957
5256,50.7154043449844
5257,50.7115125982768
5258,50.7076235330803
5259,50.703737147504
5260,50.6998534396582
5261,50.6959724076545
5262,50.6920940496061
5263,50.6882183636275
5264,50.6843453478346
5265,50.6804750003446
5266,50.6766073192763
5267,50.6727423027497
5268,50.6688799488862
5269,50.6650202558087
5270,50.6611632216413
5271,50.6573088445097
5272,50.6534571225407
5273,50.6496080538628
5274,50.6457616366058
5275,50.6419178689006
5276,50.6380767488797
5277,50.6342382746771
5278,50.6304024444279
5279,50.6265692562689
5280,50.6227387083377
5281,50.618910798774
5282,50.6150855257184
5283,50.6112628873129
5284,50.607442881701
5285,50.6036255070275
5286,50.5998107614387
5287,50.595998643082
5288,50.5921891501064
5289,50.5883822806621
5290,50.5845780329007
5291,50.5807764049753
5292,50.5769773950402
5293,50.573181001251
5294,50.569387221765
5295,50.5655960547404
5296,50.5618074983371
5297,50.5580215507161
5298,50.5542382100401
5299,50.5504574744727
5300,50.5466793421792
5301,50.5429038113261
5302,50.5391308800814
5303,50.5353605466141
5304,50.5315928090948
5305,50.5278276656956
5306,50.5240651145896
5307,50.5203051539515
5308,50.5165477819572
5309,50.5127929967839
5310,50.5090407966103
5311,50.5052911796164
5312,50.5015441439835
5313,50.4977996878941
5314,50.4940578095324
5315,50.4903185070834
5316,50.486581778734
5317,50.4828476226721
5318,50.479116037087
5319,50.4753870201692
5320,50.4716605701108
5321,50.467936685105
5322,50.4642153633466
5323,50.4604966030313
5324,50.4567804023565
5325,50.4530667595207
5326,50.4493556727239
5327,50.4456471401674
5328,50.4419411600535
5329,50.4382377305863
5330,50.4345368499709
5331,50.4308385164138
5332,50.4271427281228
5333,50.4234494833071
5334,50.4197587801772
5335,50.4160706169448
5336,50.412384991823
5337,50.4087019030261
5338,50.4050213487699
5339,50.4013433272714
5340,50.3976678367488
5341,50.3939948754219
5342,50.3903244415116
5343,50.38665653324
5344,50.3829911488307
5345,50.3793282865087
5346,50.3756679444999
5347,50.3720101210318
5348,50.3683548143333
5349,50.3647020226343
5350,50.3610517441662
5351,50.3574039771616
5352,50.3537587198545
5353,50.35011597048
5354,50.3464757272747
5355,50.3428379884764
5356,50.3392027523243
5357,50.3355700170587
5358,50.3319397809212
5359,50.3283120421549
5360,50.3246867990041
5361,50.3210640497142
5362,50.3174437925321
5363,50.313826025706
5364,50.3102107474851
5365,50.3065979561204
5366,50.3029876498635
5367,50.2993798269679
5368,50.295774485688
5369,50.2921716242797
5370,50.288571241
5371,50.2849733341073
5372,50.2813779018612
5373,50.2777849425227
5374,50.2741944543538
5375,50.270606435618
5376,50.2670208845802
5377,50.2634377995063
5378,50.2598571786634
5379,50.2562790203203
5380,50.2527033227466
5381,50.2491300842134
5382,50.2455593029931
5383,50.2419909773592
5384,50.2384251055867
5385,50.2348616859516
5386,50.2313007167313
5387,50.2277421962044
5388,50.224186122651
5389,50.220632494352
5390,50.21708130959
5391,50.2135325666486
5392,50.2099862638128
5393,50.2064423993687
5394,50.2029009716037
5395,50.1993619788066
5396,50.1958254192672
5397,50.1922912912769
5398,50.188759593128
5399,50.1852303231142
5400,50.1817034795305
5401,50.1781790606731
5402,50.1746570648393
5403,50.1711374903278
5404,50.1676203354386
5405,50.1641055984728
5406,50.1605932777329
5407,50.1570833715223
5408,50.1535758781462
5409,50.1500707959105
5410,50.1465681231226
5411,50.1430678580912
5412,50.139569999126
5413,50.1360745445382
5414,50.13258149264
5415,50.1290908417449
5416,50.1256025901678
5417,50.1221167362245
5418,50.1186332782325
5419,50.11515221451
5420,50.1116735433769
5421,50.1081972631539
5422,50.1047233721633
5423,50.1012518687284
5424,50.0977827511737
5425,50.0943160178251
5426,50.0908516670097
5427,50.0873896970556
5428,50.0839301062924
5429,50.0804728930507
5430,50.0770180556626
5431,50.073565592461
5432,50.0701155017803
5433,50.0666677819561
5434,50.0632224313252
5435,50.0597794482255
5436,50.0563388309964
5437,50.0529005779781
5438,50.0494646875123
5439,50.0460311579419
5440,50.0425999876109
5441,50.0391711748645
5442,50.0357447180492
5443,50.0323206155126
5444,50.0288988656037
5445,50.0254794666726
5446,50.0220624170703
5447,50.0186477151497
5448,50.0152353592641
5449,50.0118253477686
5450,50.0084176790193
5451,50.0050123513733
5452,50.0016093631892
5453,49.9982087128267
5454,49.9948103986467
5455,49.9914144190111
5456,49.9880207722833
5457,49.9846294568277
5458,49.9812404710099
5459,49.9778538131969
5460,49.9744694817566
5461,49.9710874750582
5462,49.9677077914722
5463,49.9643304293701
5464,49.9609553871247
5465,49.95758266311
5466,49.9542122557012
5467,49.9508441632745
5468,49.9474783842075
5469,49.9441149168788
5470,49.9407537596685
5471,49.9373949109574
5472,49.934038369128
5473,49.9306841325634
5474,49.9273321996484
5475,49.9239825687688
5476,49.9206352383114
5477,49.9172902066645
5478,49.9139474722172
5479,49.9106070333601
5480,49.9072688884847
5481,49.903933035984
5482,49.9005994742519
5483,49.8972682016835
5484,49.8939392166752
5485,49.8906125176243
5486,49.8872881029297
5487,49.883965970991
5488,49.8806461202093
5489,49.8773285489867
5490,49.8740132557265
5491,49.8707002388332
5492,49.8673894967124
5493,49.8640810277709
5494,49.8607748304167
5495,49.8574709030588
5496,49.8541692441075
5497,49.8508698519743
5498,49.8475727250716
5499,49.8442778618133
5500,49.8409852606142
5501,49.8376949198904
5502,49.834406838059
5503,49.8311210135384
5504,49.827837444748
5505,49.8245561301085
5506,49.8212770680418
5507,49.8180002569706
5508,49.8147256953192
5509,49.8114533815126
5510,49.8081833139774
5511,49.8049154911409
5512,49.801649911432
5513,49.7983865732803
5514,49.7951254751168
5515,49.7918666153736
5516,49.7886099924839
5517,49.785355604882
5518,49.7821034510035
5519,49.778853529285
5520,49.7756058381642
5521,49.7723603760801
5522,49.7691171414727
5523,49.7658761327831
5524,49.7626373484538
5525,49.759400786928
5526,49.7561664466504
5527,49.7529343260666
5528,49.7497044236235
5529,49.746476737769
5530,49.7432512669523
5531,49.7400280096234
5532,49.7368069642338
5533,49.7335881292358
5534,49.7303715030832
5535,49.7271570842305
5536,49.7239448711336
5537,49.7207348622495
5538,49.7175270560361
5539,49.7143214509527
5540,49.7111180454596
5541,49.7079168380182
5542,49.704717827091
5543,49.7015210111417
5544,49.6983263886351
5545,49.6951339580369
5546,49.6919437178143
5547,49.6887556664353
5548,49.6855698023691
5549,49.6823861240861
5550,49.6792046300577
5551,49.6760253187564
5552,49.672848188656
5553,49.669673238231
5554,49.6665004659575
5555,49.6633298703124
5556,49.6601614497737
5557,49.6569952028207
5558,49.6538311279336
5559,49.6506692235939
5560,49.6475094882839
5561,49.6443519204873
5562,49.6411965186887
5563,49.6380432813741
5564,49.6348922070301
5565,49.6317432941448
5566,49.6285965412073
5567,49.6254519467078
5568,49.6223095091375
5569,49.6191692269888
5570,49.6160310987551
5571,49.6128951229309
5572,49.609761298012
5573,49.6066296224949
5574,49.6035000948776
5575,49.6003727136589
5576,49.5972474773389
5577,49.5941243844185
5578,49.5910034334
5579,49.5878846227866
5580,49.5847679510826
5581,49.5816534167934
5582,49.5785410184256
5583,49.5754307544867
5584,49.5723226234853
5585,49.5692166239313
5586,49.5661127543354
5587,49.5630110132095
5588,49.5599113990666
5589,49.5568139104207
5590,49.553718545787
5591,49.5506253036817
5592,49.547534182622
5593,49.5444451811263
5594,49.5413582977141
5595,49.5382735309057
5596,49.5351908792227
5597,49.5321103411879
5598,49.5290319153249
5599,49.5259556001584
5600,49.5228813942143
5601,49.5198092960196
5602,49.5167393041021
5603,49.513671416991
5604,49.5106056332162
5605,49.5075419513091
5606,49.5044803698018
5607,49.5014208872276
5608,49.4983635021208
5609,49.4953082130169
5610,49.4922550184523
5611,49.4892039169645
5612,49.4861549070922
5613,49.483107987375
5614,49.4800631563535
5615,49.4770204125696
5616,49.4739797545661
5617,49.4709411808867
5618,49.4679046900765
5619,49.4648702806813
5620,49.4618379512482
5621,49.4588077003253
5622,49.4557795264616
5623,49.4527534282075
5624,49.449729404114
5625,49.4467074527333
5626,49.443687572619
5627,49.4406697623252
5628,49.4376540204074
5629,49.434640345422
5630,49.4316287359266
5631,49.4286191904795
5632,49.4256117076405
5633,49.4226062859702
5634,49.4196029240301
5635,49.4166016203829
5636,49.4136023735924
5637,49.4106051822234
5638,49.4076100448416
5639,49.4046169600139
5640,49.4016259263082
5641,49.3986369422934
5642,49.3956500065393
5643,49.3926651176171
5644,49.3896822740986
5645,49.386701474557
5646,49.3837227175662
5647,49.3807460017014
5648,49.3777713255387
5649,49.3747986876554
5650,49.3718280866294
5651,49.3688595210401
5652,49.3658929894677
5653,49.3629284904935
5654,49.3599660226996
5655,49.3570055846695
5656,49.3540471749874
5657,49.3510907922388
5658,49.34813643501
5659,49.3451841018883
5660,49.3422337914621
5661,49.339285502321
5662,49.3363392330554
5663,49.3333949822567
5664,49.3304527485173
5665,49.3275125304309
5666,49.3245743265918
5667,49.3216381355957
5668,49.318703956039
5669,49.3157717865193
5670,49.3128416256352
5671,49.3099134719862
5672,49.306987324173
5673,49.3040631807971
5674,49.3011410404611
5675,49.2982209017686
5676,49.2953027633242
5677,49.2923866237335
5678,49.2894724816032
5679,49.286560335541
5680,49.2836501841553
5681,49.2807420260559
5682,49.2778358598534
5683,49.2749316841595
5684,49.2720294975868
5685,49.2691292987489
5686,49.2662310862605
5687,49.2633348587372
5688,49.2604406147956
5689,49.2575483530534
5690,49.2546580721292
5691,49.2517697706427
5692,49.2488834472144
5693,49.245999100466
5694,49.24311672902
5695,49.2402363315001
5696,49.2373579065309
5697,49.234481452738
5698,49.2316069687478
5699,49.228734453188
5700,49.2258639046871
5701,49.2229953218747
5702,49.2201287033812
5703,49.2172640478383
5704,49.2144013538784
5705,49.2115406201349
5706,49.2086818452424
5707,49.2058250278363
5708,49.202970166553
5709,49.2001172600299
5710,49.1972663069054
5711,49.1944173058189
5712,49.1915702554107
5713,49.1887251543222
5714,49.1858820011958
5715,49.1830407946745
5716,49.1802015334029
5717,49.177364216026
5718,49.1745288411901
5719,49.1716954075424
5720,49.168863913731
5721,49.1660343584051
5722,49.1632067402148
5723,49.1603810578112
5724,49.1575573098462
5725,49.154735494973
5726,49.1519156118455
5727,49.1490976591188
5728,49.1462816354485
5729,49.1434675394918
5730,49.1406553699065
5731,49.1378451253513
5732,49.135036804486
5733,49.1322304059715
5734,49.1294259284695
5735,49.1266233706424
5736,49.1238227311542
5737,49.1210240086693
5738,49.1182272018532
5739,49.1154323093726
5740,49.1126393298949
5741,49.1098482620886
5742,49.1070591046229
5743,49.1042718561683
5744,49.1014865153961
5745,49.0987030809786
5746,49.0959215515888
5747,49.0931419259012
5748,49.0903642025906
5749,49.0875883803333
5750,49.0848144578063
5751,49.0820424336874
5752,49.0792723066558
5753,49.0765040753911
5754,49.0737377385743
5755,49.0709732948871
5756,49.0682107430123
5757,49.0654500816335
5758,49.0626913094353
5759,49.0599344251032
5760,49.0571794273239
5761,49.0544263147847
5762,49.051675086174
5763,49.0489257401811
5764,49.0461782754964
5765,49.043432690811
5766,49.040688984817
5767,49.0379471562076
5768,49.0352072036769
5769,49.0324691259196
5770,49.0297329216319
5771,49.0269985895104
5772,49.024266128253
5773,49.0215355365585
5774,49.0188068131263
5775,49.0160799566572
5776,49.0133549658527
5777,49.0106318394151
5778,49.0079105760478
5779,49.0051911744553
5780,49.0024736333426
5781,48.9997579514159
5782,48.9970441273825
5783,48.9943321599502
5784,48.9916220478281
5785,48.9889137897259
5786,48.9862073843546
5787,48.9835028304258
5788,48.9808001266521
5789,48.9780992717472
5790,48.9754002644256
5791,48.9727031034026
5792,48.9700077873947
5793,48.967314315119
5794,48.9646226852938
5795,48.9619328966382
5796,48.9592449478722
5797,48.9565588377166
5798,48.9538745648935
5799,48.9511921281255
5800,48.9485115261363
5801,48.9458327576506
5802,48.9431558213938
5803,48.9404807160925
5804,48.9378074404738
5805,48.9351359932662
5806,48.9324663731988
5807,48.9297985790016
5808,48.9271326094056
5809,48.9244684631428
5810,48.921806138946
5811,48.9191456355488
5812,48.9164869516859
5813,48.9138300860928
5814,48.911175037506
5815,48.9085218046629
5816,48.9058703863016
5817,48.9032207811613
5818,48.9005729879821
5819,48.8979270055049
5820,48.8952828324716
5821,48.892640467625
5822,48.8899999097087
5823,48.8873611574674
5824,48.8847242096463
5825,48.882089064992
5826,48.8794557222517
5827,48.8768241801736
5828,48.8741944375067
5829,48.8715664930009
5830,48.8689403454071
5831,48.8663159934771
5832,48.8636934359634
5833,48.8610726716196
5834,48.8584536992002
5835,48.8558365174604
5836,48.8532211251565
5837,48.8506075210455
5838,48.8479957038854
5839,48.8453856724352
5840,48.8427774254545
5841,48.840170961704
5842,48.8375662799453
5843,48.8349633789408
5844,48.8323622574537
5845,48.8297629142484
5846,48.8271653480898
5847,48.824569557744
5848,48.8219755419777
5849,48.8193832995588
5850,48.8167928292558
5851,48.8142041298382
5852,48.8116172000765
5853,48.8090320387417
5854,48.8064486446061
5855,48.8038670164428
5856,48.8012871530255
5857,48.7987090531291
5858,48.7961327155292
5859,48.7935581390022
5860,48.7909853223258
5861,48.7884142642779
5862,48.7858449636379
5863,48.7832774191858
5864,48.7807116297024
5865,48.7781475939694
5866,48.7755853107697
5867,48.7730247788865
5868,48.7704659971043
5869,48.7679089642083
5870,48.7653536789848
5871,48.7628001402205
5872,48.7602483467035
5873,48.7576982972223
5874,48.7551499905666
5875,48.7526034255268
5876,48.7500586008943
5877,48.7475155154611
5878,48.7449741680204
5879,48.742434557366
5880,48.7398966822927
5881,48.7373605415962
5882,48.7348261340728
5883,48.73229345852
5884,48.7297625137359
5885,48.7272332985196
5886,48.7247058116711
5887,48.7221800519911
5888,48.7196560182812
5889,48.717133709344
5890,48.7146131239828
5891,48.7120942610017
5892,48.7095771192059
5893,48.7070616974012
5894,48.7045479943945
5895,48.7020360089933
5896,48.6995257400061
5897,48.6970171862422
5898,48.6945103465119
5899,48.692005219626
5900,48.6895018043965
5901,48.6870000996361
5902,48.6845001041584
5903,48.6820018167777
5904,48.6795052363094
5905,48.6770103615694
5906,48.6745171913749
5907,48.6720257245435
5908,48.669535959894
5909,48.6670478962458
5910,48.6645615324192
5911,48.6620768672353
5912,48.6595938995163
5913,48.657112628085
5914,48.654633051765
5915,48.6521551693808
5916,48.6496789797579
5917,48.6472044817224
5918,48.6447316741014
5919,48.6422605557228
5920,48.6397911254153
5921,48.6373233820084
5922,48.6348573243325
5923,48.6323929512189
5924,48.6299302614997
5925,48.6274692540076
5926,48.6250099275765
5927,48.6225522810409
5928,48.6200963132362
5929,48.6176420229985
5930,48.615189409165
5931,48.6127384705735
5932,48.6102892060628
5933,48.6078416144722
5934,48.6053956946424
5935,48.6029514454143
5936,48.6005088656301
5937,48.5980679541326
5938,48.5956287097654
5939,48.5931911313731
5940,48.5907552178009
5941,48.588320967895
5942,48.5858883805024
5943,48.5834574544709
5944,48.581028188649
5945,48.5786005818862
5946,48.5761746330327
5947,48.5737503409396
5948,48.5713277044588
5949,48.568906722443
5950,48.5664873937458
5951,48.5640697172213
5952,48.5616536917249
5953,48.5592393161125
5954,48.5568265892409
5955,48.5544155099676
5956,48.5520060771511
5957,48.5495982896507
5958,48.5471921463263
5959,48.5447876460389
5960,48.54238478765
5961,48.5399835700222
5962,48.5375839920188
5963,48.5351860525038
5964,48.5327897503423
5965,48.5303950843997
5966,48.5280020535428
5967,48.5256106566389
5968,48.523220892556
5969,48.5208327601632
5970,48.5184462583302
5971,48.5160613859275
5972,48.5136781418265
5973,48.5112965248993
5974,48.508916534019
5975,48.5065381680593
5976,48.5041614258948
5977,48.5017863064008
5978,48.4994128084535
5979,48.49704093093
5980,48.4946706727079
5981,48.4923020326659
5982,48.4899350096833
5983,48.4875696026403
5984,48.4852058104179
5985,48.4828436318978
5986,48.4804830659625
5987,48.4781241114955
5988,48.4757667673809
5989,48.4734110325036
5990,48.4710569057494
5991,48.4687043860048
5992,48.4663534721572
5993,48.4640041630946
5994,48.4616564577059
5995,48.4593103548809
5996,48.45696585351
5997,48.4546229524846
5998,48.4522816506966
5999,48.449941947039
6000,48.4476038404053
